address_id,address,address2,district,city_id,postal_code,phone,location,last_update
1,47 MySakila Drive,,Alberta,300,,,AAAAAAEBAAAAPgoyXWM0XMB2H9uNmdlIQA==,2014-09-25 22:30:27
2,28 MySQL Boulevard,,QLD,576,,,AAAAAAEBAAAAjhDU34EkY0BO4IxQIqI7wA==,2014-09-25 22:30:09
3,23 Workhaven Lane,,Alberta,300,,14033335568,AAAAAAEBAAAAzcQZaGM0XMAd7n5wmdlIQA==,2014-09-25 22:30:27
4,1411 Lillydale Drive,,QLD,576,,6172235589,AAAAAAEBAAAAWw3kNB8mY0BC1q5kIqI7wA==,2014-09-25 22:30:09
5,1913 Hanoi Way,,Nagasaki,463,35200,28303384290,AAAAAAEBAAAAKNE3DiE3YECrtYvEX5RAQA==,2014-09-25 22:31:53
6,1121 Loja Avenue,,California,449,17886,838635286649,AAAAAAEBAAAAPJRXnYtSXcDoYEct3g1BQA==,2014-09-25 22:34:01
7,692 Joliet Street,,Attika,38,83579,448477190408,AAAAAAEBAAAAB29Zz1q3N0BBBdGkXv1CQA==,2014-09-25 22:31:07
8,1566 Inegöl Manor,,Mandalay,349,53561,705814003527,AAAAAAEBAAAABiQGJtzYV0A8RbNXxHU1QA==,2014-09-25 22:32:18
9,53 Idfu Parkway,,Nantou,361,42399,10655648674,AAAAAAEBAAAAH4E//HwqXkA1ejVAaeo3QA==,2014-09-25 22:33:16
10,1795 Santiago de Compostela Way,,Texas,295,18743,860452626434,AAAAAAEBAAAAUFAvnXvgWMDQz3kypIE7QA==,2014-09-25 22:33:55
11,900 Santiago de Compostela Parkway,,Central Serbia,280,93896,716571220373,AAAAAAEBAAAAAAAAAAAAAAAAAAAAAAAAAA==,2014-09-25 22:34:11
12,478 Joliet Way,,Hamilton,200,77948,657282285970,AAAAAAEBAAAA3ITWHhHpZUBytzUzRORCwA==,2014-09-25 22:32:22
13,613 Korolev Drive,,Masqat,329,45844,380657522649,AAAAAAEBAAAAAQIxZNBLTUDOrAA6J503QA==,2014-09-25 22:32:29
14,1531 Salé Drive,,Esfahan,162,53628,648856936185,AAAAAAEBAAAA3glRGVrWSUBjWkANhFNAQA==,2014-09-25 22:31:36
15,1542 Tarlac Parkway,,Kanagawa,440,1027,635297277345,AAAAAAEBAAAAtM3oonxrYUBrfTYXJMdBQA==,2014-09-25 22:31:53
16,808 Bhopal Manor,,Haryana,582,10672,465887807014,AAAAAAEBAAAAAAAAAAAAAAAAAAAAAAAAAA==,2014-09-25 22:31:30
17,270 Amroha Parkway,,Osmaniye,384,29610,695479687538,AAAAAAEBAAAAH0NsVbcfQkChFAiWfolCQA==,2014-09-25 22:33:27
18,770 Bydgoszcz Avenue,,California,120,16266,517338314235,AAAAAAEBAAAAbWOi9/xRXsBMBAU5g1pDQA==,2014-09-25 22:33:47
19,419 Iligan Lane,,Madhya Pradesh,76,72878,990911107354,AAAAAAEBAAAAt7ATA8lZU0Dm8Q+2M0E3QA==,2014-09-25 22:31:13
20,360 Toulouse Parkway,,England,495,54308,949312333307,AAAAAAEBAAAAhg/bzNfb5j/9z6tL18RJQA==,2014-09-25 22:33:40
21,270 Toulon Boulevard,,Kalmykia,156,81766,407752414682,AAAAAAEBAAAA/QupR78gRkAxbUlYZSdHQA==,2014-09-25 22:32:48
22,320 Brest Avenue,,Kaduna,252,43331,747791594069,AAAAAAEBAAAAbTQl/s3AHUBiP9UyYwslQA==,2014-09-25 22:32:25
23,1417 Lancaster Avenue,,Northern Cape,267,72192,272572357893,AAAAAAEBAAAA/ujlwSfDOEBN7Vbgdbs8wA==,2014-09-25 22:33:03
24,1688 Okara Way,,Nothwest Border Prov,327,21954,144453869132,AAAAAAEBAAAAAAAAAAAAAAAAAAAAAAAAAA==,2014-09-25 22:32:30
25,262 A Coruña (La Coruña) Parkway,,Dhaka,525,34418,892775750063,AAAAAAEBAAAA8TeQ5Kh6VkDn9jcN9j84QA==,2014-09-25 22:30:12
26,28 Charlotte Amalie Street,,Rabat-Sal-Zammour-Z,443,37551,161968374323,AAAAAAEBAAAAAAAAAAAAAAAAAAAAAAAAAA==,2014-09-25 22:32:16
27,1780 Hino Boulevard,,Liepaja,303,7716,902731229323,AAAAAAEBAAAANg8WBEUENUA8o61KIkJMQA==,2014-09-25 22:31:58
28,96 Tafuna Way,,Córdoba,128,99865,934730187245,AAAAAAEBAAAAAAAAAAAAAAAAAAAAAAAAAA==,2014-09-25 22:30:05
29,934 San Felipe de Puerto Plata Street,,Sind,472,99780,196495945706,AAAAAAEBAAAAjmuNUtMoUUDVjodjAvU7QA==,2014-09-25 22:32:31
30,18 Duisburg Boulevard,,,121,58327,998009777982,AAAAAAEBAAAAAAAAAAAAAAAAAAAAAAAAAA==,2014-09-25 22:31:08
31,217 Botshabelo Place,,Southern Mindanao,138,49521,665356572025,AAAAAAEBAAAAAAAAAAAAAAAAAAAAAAAAAA==,2014-09-25 22:32:36
32,1425 Shikarpur Manor,,Bihar,346,65599,678220867005,AAAAAAEBAAAAf58WKE6eVUCCAYQPJWA5QA==,2014-09-25 22:31:20
33,786 Aurora Avenue,,Yamaguchi,474,65750,18461860151,AAAAAAEBAAAA5xJYSqBeYEDRVzWtufpAQA==,2014-09-25 22:31:53
34,1668 Anápolis Street,,Taipei,316,50199,525255540978,AAAAAAEBAAAAAAAAAAAAAAAAAAAAAAAAAA==,2014-09-25 22:33:15
35,33 Gorontalo Way,,West Bengali,257,30348,745994947458,AAAAAAEBAAAAGoKIefsXVkBhWFk2zqs2QA==,2014-09-25 22:31:18
36,176 Mandaluyong Place,,Uttar Pradesh,239,65213,627705991774,AAAAAAEBAAAAczCbAEOlU0CeOqC2V3Q5QA==,2014-09-25 22:31:17
37,127 Purnea (Purnia) Manor,,Piemonte,17,79388,911872220378,AAAAAAEBAAAAKiuX11s4IUDyiSsdYnRGQA==,2014-09-25 22:31:42
38,61 Tama Street,,Okayama,284,94065,708403338270,AAAAAAEBAAAAH3ATpIi4YEBnBpbIqkpBQA==,2014-09-25 22:31:49
39,391 Callao Drive,,Midi-Pyrnes,544,34021,440512153169,AAAAAAEBAAAAAAAAAAAAAAAAAAAAAAAAAA==,2014-09-25 22:31:01
40,334 Munger (Monghyr) Lane,,Markazi,31,38145,481183273622,AAAAAAEBAAAAc3J1tjbYSEBLlYM0vgtBQA==,2014-09-25 22:31:36
41,1440 Fukuyama Loop,,Henan,362,47929,912257250465,AAAAAAEBAAAAXjzNExkiXEBYht0cU39AQA==,2014-09-25 22:30:40
42,269 Cam Ranh Parkway,,Chisinau,115,34689,489783829737,AAAAAAEBAAAArZfwlYrbPEDM1H8xtoBHQA==,2014-09-25 22:32:15
43,306 Antofagasta Place,,Esprito Santo,569,3989,378318851631,AAAAAAEBAAAAAAAAAAAAAAAAAAAAAAAAAA==,2014-09-25 22:30:23
44,671 Graz Street,,Oriental,353,94399,680768868518,AAAAAAEBAAAAg/f6/913B8D3t7pShZVBQA==,2014-09-25 22:32:16
45,42 Brindisi Place,,Yerevan,586,16744,42384721397,AAAAAAEBAAAAKBvFKL5BRkA71ADvLhdEQA==,2014-09-25 22:30:08
46,1632 Bislig Avenue,,Nonthaburi,394,61117,471675840679,AAAAAAEBAAAAk1xZ/ewfWUDV0GEZdtMrQA==,2014-09-25 22:33:20
47,1447 Imus Way,,Tahiti,167,48942,539758313890,AAAAAAEBAAAAkM4KVua1YsBZu5KJAI4xwA==,2014-09-25 22:31:02
48,1998 Halifax Drive,,Lipetsk,308,76022,177727722820,AAAAAAEBAAAAh5hc1g7JQ0CfFzjqMk1KQA==,2014-09-25 22:32:54
49,1718 Valencia Street,,Antofagasta,27,37359,675292816413,AAAAAAEBAAAAfoLVok+ZUcDEa02pAac3wA==,2014-09-25 22:30:29
50,46 Pjatigorsk Lane,,Moscow (City),343,23616,262076994845,AAAAAAEBAAAAnFHzVfLEQkAC48+m2d9LQA==,2014-09-25 22:32:55
51,686 Garland Manor,,Cear,247,52535,69493378813,AAAAAAEBAAAAAAAAAAAAAAAAAAAAAAAAAA==,2014-09-25 22:30:19
52,909 Garland Manor,,Tatarstan,367,69367,705800322606,AAAAAAEBAAAAN23GaYjpSUAsqF5te9FLQA==,2014-09-25 22:32:55
53,725 Isesaki Place,,Mekka,237,74428,876295323994,AAAAAAEBAAAAITNhRVeZQ0Bh6wiW2Yo1QA==,2014-09-25 22:33:00
54,115 Hidalgo Parkway,,Khartum,379,80168,307703950263,AAAAAAEBAAAABFAxcyY9QEBNDdnlAEovQA==,2014-09-25 22:33:11
55,1135 Izumisano Parkway,,California,171,48150,171822533480,AAAAAAEBAAAAl2PD5NdbXcB5micyzgtBQA==,2014-09-25 22:33:50
56,939 Probolinggo Loop,,Galicia,1,4166,680428310138,AAAAAAEBAAAAAAAAAAAAAAAAAAAAAAAAAA==,2014-09-25 22:33:08
57,17 Kabul Boulevard,,Chiba,355,38594,697760867968,AAAAAAEBAAAA6yV8peJ8YUBvcNhsm+1BQA==,2014-09-25 22:31:51
58,1964 Allappuzha (Alleppey) Street,,Yamaguchi,227,48980,920811325222,AAAAAAEBAAAAwlcqXhuHYEDRmno43BRBQA==,2014-09-25 22:31:47
59,1697 Kowloon and New Kowloon Loop,,Moskova,49,57807,499352017190,AAAAAAEBAAAAAAAAAAAAAAAAAAAAAAAAAA==,2014-09-25 22:32:47
60,1668 Saint Louis Place,,Tahiti,397,39072,347487831378,AAAAAAEBAAAAb/PGSSGyYsD49H3djokxwA==,2014-09-25 22:31:02
61,943 Tokat Street,,Vaduz,560,45428,889318963672,AAAAAAEBAAAAf3hMkwgLI0ADQYAMHZJHQA==,2014-09-25 22:31:58
62,1114 Liepaja Street,,Sarawak,282,69226,212869228936,AAAAAAEBAAAABH+ubFWVW0CChd3Bmen4Pw==,2014-09-25 22:32:00
63,1213 Ranchi Parkway,,Karnataka,350,94352,800024380485,AAAAAAEBAAAAAACAJ5rXxkGqIbscwCArQA==,2014-09-25 22:31:21
64,81 Hodeida Way,,Rajasthan,231,55561,250767749542,AAAAAAEBAAAACgm9o2vyUkD4sThSbOs6QA==,2014-09-25 22:31:17
65,915 Ponce Place,,Basel-Stadt,56,83980,1395251317,AAAAAAEBAAAADWFGwghLHkDliwelecdHQA==,2014-09-25 22:33:12
66,1717 Guadalajara Lane,,Missouri,441,85505,914090181665,AAAAAAEBAAAAqSbSR6qMVsCkVvN3SlBDQA==,2014-09-25 22:33:59
67,1214 Hanoi Way,,Nebraska,306,67055,491001136577,AAAAAAEBAAAA1mcYiK8qWMDA4hUt5WhEQA==,2014-09-25 22:33:56
68,1966 Amroha Avenue,,Sichuan,139,70385,333489324603,AAAAAAEBAAAACnd4GQ/gWkAvYBPjRjc/QA==,2014-09-25 22:30:32
69,698 Otsu Street,,Cayenne,105,71110,409983924481,AAAAAAEBAAAA2HnA4aoqSsDVfsbgvLsTQA==,2014-09-25 22:31:02
70,1150 Kimchon Manor,,Skne ln,321,96109,663449333709,AAAAAAEBAAAAAAAAAAAAAAAAAAAAAAAAAA==,2014-09-25 22:33:11
71,1586 Guarujá Place,,Hunan,579,5135,947233365992,AAAAAAEBAAAArToGv+g/XECDBHsCF9o7QA==,2014-09-25 22:30:46
72,57 Arlington Manor,,Madhya Pradesh,475,48960,990214419142,AAAAAAEBAAAAjm1j/bBpU0An2epySm45QA==,2014-09-25 22:31:27
73,1031 Daugavpils Parkway,,Béchar,63,59025,107137400143,AAAAAAEBAAAAAAAAAAAAAAAAAAAAAAAAAA==,2014-09-25 22:29:59
74,1124 Buenaventura Drive,,Mekka,13,6856,407733804223,AAAAAAEBAAAAAAAAAAAAAAAAAAAAAAAAAA==,2014-09-25 22:32:59
75,492 Cam Ranh Street,,Eastern Visayas,61,50805,565018274456,AAAAAAEBAAAAdQDEXT0zX0C5AmWuZ1slQA==,2014-09-25 22:32:34
76,89 Allappuzha (Alleppey) Manor,,National Capital Reg,517,75444,255800440636,AAAAAAEBAAAAAAAAAAAAAAAAAAAAAAAAAA==,2014-09-25 22:32:39
77,1947 Poços de Caldas Boulevard,,Chiayi,114,60951,427454485876,AAAAAAEBAAAALwbFRSQZXkC0R16MN3Y3QA==,2014-09-25 22:33:14
78,1206 Dos Quebradas Place,,São Paulo,431,20207,241832790687,AAAAAAEBAAAAAAAAAAAAAAAAAAAAAAAAAA==,2014-09-25 22:30:21
79,1551 Rampur Lane,,Changhwa,108,72394,251164340471,AAAAAAEBAAAAAAAAAAAAAAAAAAAAAAAAAA==,2014-09-25 22:33:14
80,602 Paarl Street,,Pavlodar,402,98889,896314772871,AAAAAAEBAAAANZB4w0dAU0Ay0BDpEiNKQA==,2014-09-25 22:31:55
81,1692 Ede Loop,,São Paulo,30,9223,918711376618,AAAAAAEBAAAAAAAAAAAAAAAAAAAAAAAAAA==,2014-09-25 22:30:16
82,936 Salzburg Lane,,Uttar Pradesh,425,96709,875756771675,AAAAAAEBAAAADA7l+q1PVEDL+PcZFzg6QA==,2014-09-25 22:31:24
83,586 Tete Way,,Kanagawa,256,1079,18581624103,AAAAAAEBAAAAeDsM95txYUDpbSLpiadBQA==,2014-09-25 22:31:48
84,1888 Kabul Drive,,Oyo & Osun,217,20936,701457319790,AAAAAAEBAAAAAAAAAAAAAAAAAAAAAAAAAA==,2014-09-25 22:32:24
85,320 Baiyin Parkway,,Mahajanga,319,37307,223664661973,AAAAAAEBAAAA6v2QyIgoR0DNx1ro724vwA==,2014-09-25 22:31:59
86,927 Bahía Blanca Parkway,,Krim,479,9495,821972242086,AAAAAAEBAAAAQX3LnC4OQUC8KUBvhXpGQA==,2014-09-25 22:33:33
87,929 Tallahassee Loop,,Gauteng,497,74671,800716535041,AAAAAAEBAAAAZH+PsF5rPEB/YNir2UA6wA==,2014-09-25 22:33:06
88,125 Città del Vaticano Boulevard,,Puebla,40,67912,48417642933,AAAAAAEBAAAAU2IysOmbWMA9DRgkfegyQA==,2014-09-25 22:32:02
89,1557 Kütahya Boulevard,,England,88,88002,720998247660,AAAAAAEBAAAAG0OltnkI/L9DnQMVn+VKQA==,2014-09-25 22:33:36
90,870 Ashqelon Loop,,Songkhla,489,84931,135117278909,AAAAAAEBAAAA6CUQwBcmWUARWmoYmcscQA==,2014-09-25 22:33:20
91,1740 Portoviejo Avenue,,Sucre,480,29932,198123170793,AAAAAAEBAAAAxK0nX3XZUsB6UbtfBZwiQA==,2014-09-25 22:30:53
92,1942 Ciparay Parkway,,Cheju,113,82624,978987363654,AAAAAAEBAAAASPE7l/OiX0A1jqIYarNAQA==,2014-09-25 22:33:06
93,1926 El Alto Avenue,,Buenos Aires,289,75543,846225459260,AAAAAAEBAAAArQWsCy76TMDF0KBX8nVBwA==,2014-09-25 22:30:05
94,1952 Chatsworth Drive,,Guangdong,332,25958,991562402283,AAAAAAEBAAAApfOGoI8IXUBt9lFXiFo4QA==,2014-09-25 22:30:40
95,1370 Le Mans Avenue,,Brunei and Muara,53,52163,345679835036,AAAAAAEBAAAAE+hdBq28XEAqDlZS3cITQA==,2014-09-25 22:30:23
96,984 Effon-Alaiye Avenue,,Gois,183,17119,132986892228,AAAAAAEBAAAAAAAAAAAAAAAAAAAAAAAAAA==,2014-09-25 22:30:17
97,832 Nakhon Sawan Manor,,Inner Mongolia,592,49021,275595571388,AAAAAAEBAAAAU1xV9t2tXkAAAAAdafq8QQ==,2014-09-25 22:30:50
98,152 Kitwe Parkway,,Caraga,82,53182,835433605312,AAAAAAEBAAAA32Ur1D+UX0AGyreIOW4gQA==,2014-09-25 22:32:35
99,1697 Tanauan Lane,,Punjab,399,22870,4764773857,AAAAAAEBAAAAypcGNEfpUkC5M7hSdCpAQA==,2014-09-25 22:31:22
100,1308 Arecibo Way,,Georgia,41,30695,6171054059,AAAAAAEBAAAA/AD/72N+VMC9nvnmSLxAQA==,2014-09-25 22:33:43
101,1599 Plock Drive,,Tete,534,71986,817248913162,AAAAAAEBAAAA3HdWHBjLQEC0Q1d9CSgwwA==,2014-09-25 22:32:18
102,669 Firozabad Loop,,Abu Dhabi,12,92265,412903167998,AAAAAAEBAAAAnHbnP1rhS0BK0F/oETE4QA==,2014-09-25 22:33:35
103,588 Vila Velha Manor,,Kyongsangbuk,268,51540,333339908719,AAAAAAEBAAAAAAAAAAAAAAAAAAAAAAAAAA==,2014-09-25 22:33:07
104,1913 Kamakura Place,,Lipetsk,238,97287,942570536750,AAAAAAEBAAAAAAAAAAAAAAAAAAAAAAAAAA==,2014-09-25 22:32:49
105,733 Mandaluyong Place,,Asir,2,77459,196568435814,AAAAAAEBAAAAeCOYD61ARUB5j9iTZTcyQA==,2014-09-25 22:32:59
106,659 Vaduz Drive,,Ha Darom,34,49708,709935135487,AAAAAAEBAAAAAAAAAAAAAAAAAAAAAAAAAA==,2014-09-25 22:31:40
107,1177 Jelets Way,,Kwara & Kogi,220,3305,484292626944,AAAAAAEBAAAAF2dnLPU3EkB+PiVCfhkhQA==,2014-09-25 22:32:24
108,1386 Yangor Avenue,,Provence-Alpes-Cte,543,80720,449216226468,AAAAAAEBAAAAAAAAAAAAAAAAAAAAAAAAAA==,2014-09-25 22:31:01
109,454 Nakhon Sawan Boulevard,,Funafuti,173,76383,963887147572,AAAAAAEBAAAAWCKrtjZmZkD/dKhLawwhwA==,2014-09-25 22:33:31
110,1867 San Juan Bautista Tuxtepec Avenue,,Ivanovo,225,78311,547003310357,AAAAAAEBAAAAvG3wz1Z8REDisDTwo39MQA==,2014-09-25 22:32:48
111,1532 Dzerzinsk Way,,Buenos Aires,334,9599,330838016880,AAAAAAEBAAAAv5O7dDhdTcDiB0INOlVBwA==,2014-09-25 22:30:06
112,1002 Ahmadnagar Manor,,Mxico,213,93026,371490777743,AAAAAAEBAAAAAAAAAAAAAAAAAAAAAAAAAA==,2014-09-25 22:32:07
113,682 Junan Way,,North West,273,30418,622255216127,AAAAAAEBAAAAcUaDyq6qOkBq7cc3Jdo6wA==,2014-09-25 22:33:04
114,804 Elista Drive,,Hubei,159,61069,379804592943,AAAAAAEBAAAAngE/9O5eW0Dn4JnQJF8+QA==,2014-09-25 22:30:33
115,1378 Alvorada Avenue,,Distrito Federal,102,75834,272234298332,AAAAAAEBAAAADDREukS4UMBHsTeM3fkkQA==,2014-09-25 22:34:03
116,793 Cam Ranh Avenue,,California,292,87057,824370924746,AAAAAAEBAAAAA687gsCIXcBhAhKoWVlBQA==,2014-09-25 22:33:55
117,1079 Tel Aviv-Jaffa Boulevard,,Sucre,132,10885,358178933857,AAAAAAEBAAAAAAAAAAAAAAAAAAAAAAAAAA==,2014-09-25 22:34:04
118,442 Rae Bareli Place,,Nordrhein-Westfalen,148,24321,886636413768,AAAAAAEBAAAAwZ7AhYYPG0DjftEvW7dJQA==,2014-09-25 22:31:04
119,1107 Nakhon Sawan Avenue,,Mxico,365,75149,867546627903,AAAAAAEBAAAAAAAAAAAAAAAAAAAAAAAAAA==,2014-09-25 22:32:11
120,544 Malmö Parkway,,Central Java,403,63502,386759646229,AAAAAAEBAAAAOu9anXdXW0Am8QOhBsUbwA==,2014-09-25 22:31:34
121,1967 Sincelejo Place,,Gujarat,176,73644,577812616052,AAAAAAEBAAAAWZEsu7srUkCNvAdDeDc3QA==,2014-09-25 22:31:16
122,333 Goiânia Way,,Texas,185,78625,909029256431,AAAAAAEBAAAAKuZ7ods/WMDkayrme19AQA==,2014-09-25 22:33:51
123,1987 Coacalco de Berriozábal Loop,,al-Qalyubiya,476,96065,787654415858,AAAAAAEBAAAAWVr8XCNAP0CvummOByA+QA==,2014-09-25 22:30:58
124,241 Mosul Lane,,Risaralda,147,76157,765345144779,AAAAAAEBAAAAmDojpbTqUsBhVb38TlsTQA==,2014-09-25 22:30:52
125,211 Chiayi Drive,,Uttar Pradesh,164,58186,665993880048,AAAAAAEBAAAApEuk2WHBU0AH8kesIMc6QA==,2014-09-25 22:31:15
126,1175 Tanauan Way,,Lima,305,64615,937222955822,AAAAAAEBAAAAhIpg0s5BU8DlQXqKHBYowA==,2014-09-25 22:32:33
127,117 Boa Vista Way,,Uttar Pradesh,566,6804,677976133614,AAAAAAEBAAAAhTZKqKrAVECGuv4TElE5QA==,2014-09-25 22:31:29
128,848 Tafuna Manor,,Kütahya,281,45142,614935229095,AAAAAAEBAAAAAAAAAAAAAAAAAAAAAAAAAA==,2014-09-25 22:33:27
129,569 Baicheng Lane,,Gauteng,85,60304,490211944645,AAAAAAEBAAAA1x5R/HNCPEBIrlHFQzY6wA==,2014-09-25 22:33:02
130,1666 Qomsheh Drive,,São Paulo,410,66255,582835362905,AAAAAAEBAAAAAAAAAAAAAAAAAAAAAAAAAA==,2014-09-25 22:30:20
131,801 Hagonoy Drive,,Smolensk,484,8439,237426099212,AAAAAAEBAAAAHrgUoSIFQEC7hQn+EmRLQA==,2014-09-25 22:32:57
132,1050 Garden Grove Avenue,,Slaskie,236,4999,973047364353,AAAAAAEBAAAAAAAAAAAAAAAAAAAAAAAAAA==,2014-09-25 22:32:42
133,1854 Tieli Street,,Shandong,302,15819,509492324775,AAAAAAEBAAAAeoIOBJL+XECPBHUlXTpCQA==,2014-09-25 22:30:39
134,758 Junan Lane,,Gois,190,82639,935448624185,AAAAAAEBAAAAAAAAAAAAAAAAAAAAAAAAAA==,2014-09-25 22:30:18
135,1752 São Leopoldo Parkway,,Taka-Karpatia,345,14014,252265130067,AAAAAAEBAAAAAAAAAAAAAAAAAAAAAAAAAA==,2014-09-25 22:33:32
136,898 Belém Manor,,Free State,87,49757,707169393853,AAAAAAEBAAAA7Uz8rI20OkCerGI7KUU9wA==,2014-09-25 22:33:02
137,261 Saint Louis Way,,Coahuila de Zaragoza,541,83401,321944036800,AAAAAAEBAAAAAAAAAAAAAAAAAAAAAAAAAA==,2014-09-25 22:32:13
138,765 Southampton Drive,,al-Qalyubiya,421,4285,23712411567,AAAAAAEBAAAAG+uHfac0P0CfvH534S0+QA==,2014-09-25 22:30:57
139,943 Johannesburg Avenue,,Maharashtra,417,5892,90921003005,AAAAAAEBAAAA8nowKb52UkBeKtssA4UyQA==,2014-09-25 22:31:24
140,788 Atšinsk Street,,Karnataka,211,81691,146497509724,AAAAAAEBAAAAAACAGxmYxkFXqUXpd+YuQA==,2014-09-25 22:31:17
141,1749 Daxian Place,,Gelderland,29,11044,963369996279,AAAAAAEBAAAA5M6WvbbgF0AAsJUrFxxKQA==,2014-09-25 22:32:20
142,1587 Sullana Lane,,Inner Mongolia,207,85769,468060467018,AAAAAAEBAAAAhwz1Bb7pW0B0ImabwGdEQA==,2014-09-25 22:30:35
143,1029 Dzerzinsk Manor,,Ynlin,542,57519,33173584456,AAAAAAEBAAAAAAAAAAAAAAAAAAAAAAAAAA==,2014-09-25 22:33:16
144,1666 Beni-Mellal Place,,Tennessee,123,13377,9099941466,AAAAAAEBAAAABdGkXgHXVcCEzN/Oz0NCQA==,2014-09-25 22:33:48
145,928 Jaffna Loop,,Hiroshima,172,93762,581852137991,AAAAAAEBAAAALymIy7urYEDi/zPv3T1BQA==,2014-09-25 22:31:45
146,483 Ljubertsy Parkway,,Scotland,149,60562,581174211853,AAAAAAEBAAAAxT5czZXMB8D6/VGKDDxMQA==,2014-09-25 22:33:36
147,374 Bat Yam Boulevard,,Kilis,266,97700,923261616249,AAAAAAEBAAAAGE/zRMaOQkD9VduoqVtCQA==,2014-09-25 22:33:26
148,1027 Songkhla Manor,,Minsk,340,30861,563660187896,AAAAAAEBAAAAAAAAAAAAAAAAAAAAAAAAAA==,2014-09-25 22:30:13
149,999 Sanaa Loop,,Gauteng,491,3439,918032330119,AAAAAAEBAAAADg0wmGQZPEDyNKodD3k5wA==,2014-09-25 22:33:05
150,879 Newcastle Way,,Michigan,499,90732,206841104594,AAAAAAEBAAAAkWqOYu/BVMCCRMmaR0pFQA==,2014-09-25 22:34:01
151,1337 Lincoln Parkway,,Saitama,555,99457,597815221267,AAAAAAEBAAAAXg5gNqZ0YUBFYidhS+5BQA==,2014-09-25 22:31:55
152,1952 Pune Lane,,Saint-Denis,442,92150,354615066969,AAAAAAEBAAAAAAAAAAAAAAAAAAAAAAAAAA==,2014-09-25 22:32:46
153,782 Mosul Street,,Massachusetts,94,25545,885899703621,AAAAAAEBAAAA6cTUTC3BUcDRaGEFrgpFQA==,2014-09-25 22:33:46
154,781 Shimonoseki Drive,,Michoacn de Ocampo,202,95444,632316273199,AAAAAAEBAAAAAAAAAAAAAAAAAAAAAAAAAA==,2014-09-25 22:32:06
155,1560 Jelets Boulevard,,Shandong,291,77777,189446090264,AAAAAAEBAAAAGNV9WwtqXUCt2jUhrRhCQA==,2014-09-25 22:30:38
156,1963 Moscow Place,,Assam,354,64863,761379480249,AAAAAAEBAAAAIDu58E0sV0BdWVgmslk6QA==,2014-09-25 22:31:21
157,456 Escobar Way,,Jakarta Raya,232,36061,719202533520,AAAAAAEBAAAA3cKpxRa2WkCVzPtJxtsYwA==,2014-09-25 22:31:33
158,798 Cianjur Avenue,,Shanxi,590,76990,499408708580,AAAAAAEBAAAAE9bG2Im/W0CbS7vi84JBQA==,2014-09-25 22:30:49
159,185 Novi Sad Place,,Bern,72,41778,904253967161,AAAAAAEBAAAAANC8dy/KHUA3fSwzW3lHQA==,2014-09-25 22:33:13
160,1367 Yantai Manor,,Ondo & Ekiti,381,21294,889538496300,AAAAAAEBAAAAwl5y7VVVFECKehxhrKocQA==,2014-09-25 22:32:26
161,1386 Nakhon Sawan Boulevard,,Pyongyang-si,420,53502,368899174225,AAAAAAEBAAAA9LqP7UZwX0ClX2xrVYRDQA==,2014-09-25 22:32:28
162,369 Papeete Way,,North Carolina,187,66639,170117068815,AAAAAAEBAAAAxJ1m3K/yU8B6LTJLTAlCQA==,2014-09-25 22:33:52
163,1440 Compton Place,,North Austria,307,81037,931059836497,AAAAAAEBAAAAAAAAAAAAAAAAAAAAAAAAAA==,2014-09-25 22:30:10
164,1623 Bahía Blanca Manor,,Moskova,310,81511,149981248346,AAAAAAEBAAAAAAAAAAAAAAAAAAAAAAAAAA==,2014-09-25 22:32:54
165,97 Shimoga Avenue,,Tel Aviv,533,44660,177167004331,AAAAAAEBAAAAmlavx+ljQUAxkuKIWgpAQA==,2014-09-25 22:31:41
166,1740 Le Mans Loop,,Pays de la Loire,297,22853,168476538960,AAAAAAEBAAAARSqMLQS50j8AAABquC29QQ==,2014-09-25 22:31:01
167,1287 Xi´angfan Boulevard,,Gifu,253,57844,819416131190,AAAAAAEBAAAAauUU07sbYUCBQdKnVbVBQA==,2014-09-25 22:31:48
168,842 Salzburg Lane,,Adana,529,3313,697151428760,AAAAAAEBAAAAcgegBy3VQUCTIo1lVaZCQA==,2014-09-25 22:33:29
169,154 Tallahassee Loop,,Xinxiang,199,62250,935508855935,AAAAAAEBAAAAAAAAAAAAAAAAAAAAAAAAAA==,2014-09-25 22:30:34
170,710 San Felipe del Progreso Avenue,,Lilongwe,304,76901,843801144113,AAAAAAEBAAAAichV0cTkQEBQHQZOEe8rwA==,2014-09-25 22:31:59
171,1540 Wroclaw Drive,,Maharashtra,107,62686,182363341674,AAAAAAEBAAAAThDQ2PLSU0B8+ylEdvIzQA==,2014-09-25 22:31:14
172,475 Atšinsk Way,,Gansu,240,59571,201705577290,AAAAAAEBAAAAeHKXDmeMWUBVRJeBFEBDQA==,2014-09-25 22:30:36
173,1294 Firozabad Drive,,Ji´angxi,407,70618,161801569569,AAAAAAEBAAAA7tf4p693XEAjMgecAJQ7QA==,2014-09-25 22:30:40
174,1877 Ezhou Lane,,Rajasthan,550,63337,264541743403,AAAAAAEBAAAAKXIt/0ZsUkAZafNJOJI4QA==,2014-09-25 22:31:28
175,316 Uruapan Street,,Perak,223,58194,275788967899,AAAAAAEBAAAAWjYpu09FWUAKxbGJJ1YSQA==,2014-09-25 22:31:59
176,29 Pyongyang Loop,,Batman,58,47753,734780743462,AAAAAAEBAAAAHEMAcOyQREA8iWO4lfFCQA==,2014-09-25 22:33:23
177,1010 Klerksdorp Way,,Steiermark,186,6802,493008546874,AAAAAAEBAAAAz+41qQ3nLkCcBCW7iIhHQA==,2014-09-25 22:30:10
178,1848 Salala Boulevard,,Miranda,373,25220,48265851133,AAAAAAEBAAAAbQjphKuxUMAvkPuxpDskQA==,2014-09-25 22:34:04
179,431 Xi´angtan Avenue,,Kerala,18,4854,230250973122,AAAAAAEBAAAAAAAAAAAAAAAAAAAAAAAAAA==,2014-09-25 22:31:10
180,757 Rustenburg Avenue,,Skikda,483,89668,506134035434,AAAAAAEBAAAAv9dr1QmjG0BjhnyGJnBCQA==,2014-09-25 22:30:01
181,146 Johannesburg Way,,Tamaulipas,330,54132,953689007081,AAAAAAEBAAAAPEWzV0RgWMDq1iHtNeE5QA==,2014-09-25 22:32:09
182,1891 Rizhao Boulevard,,São Paulo,456,47288,391065549876,AAAAAAEBAAAAAAAAAAAAAAAAAAAAAAAAAA==,2014-09-25 22:30:21
183,1089 Iwatsuki Avenue,,Kirov,270,35109,866092335135,AAAAAAEBAAAAAAAAAAAAAAAAAAAAAAAAAA==,2014-09-25 22:32:50
184,1410 Benin City Parkway,,Risaralda,405,29747,104150372603,AAAAAAEBAAAAfE+bJ43sUsB5W+m12UATQA==,2014-09-25 22:30:52
185,682 Garden Grove Place,,Tennessee,333,67497,72136330362,AAAAAAEBAAAAQgTBiCKDVsBrTyTzI5NBQA==,2014-09-25 22:33:57
186,533 al-Ayn Boulevard,,California,126,8862,662227486184,AAAAAAEBAAAAvyJkxRWOXcCFM65uq/JAQA==,2014-09-25 22:33:48
187,1839 Székesfehérvár Parkway,,Gois,317,55709,947468818183,AAAAAAEBAAAAAAAAAAAAAAAAAAAAAAAAAA==,2014-09-25 22:30:20
188,741 Ambattur Manor,,Noord-Brabant,438,43310,302590383819,AAAAAAEBAAAAaZ5tf3g3FUDvDXSjftlJQA==,2014-09-25 22:32:21
189,927 Barcelona Street,,Chaharmahal va Bakht,467,65121,951486492670,AAAAAAEBAAAAAAAAAAAAAAAAAAAAAAAAAA==,2014-09-25 22:31:38
190,435 0 Way,,West Bengali,195,74750,760171523969,AAAAAAEBAAAA2YRqOQYHVkADcWjbeg82QA==,2014-09-25 22:31:16
191,140 Chiayi Parkway,,Sumy,506,38982,855863906434,AAAAAAEBAAAALEPBMXBmQUBRu18F+HVJQA==,2014-09-25 22:33:34
192,1166 Changhwa Street,,Caraga,62,58852,650752094490,AAAAAAEBAAAAnbdWIB9xX0D1Pp8SIYMhQA==,2014-09-25 22:32:34
193,891 Novi Sad Manor,,Ontario,383,5379,247646995453,AAAAAAEBAAAAXknyXF+2U8DeaudFN/NFQA==,2014-09-25 22:30:28
194,605 Rio Claro Parkway,,Tabora,513,49348,352469351088,AAAAAAEBAAAATosLUc9pQEDfZwF/nRAUwA==,2014-09-25 22:33:18
195,1077 San Felipe de Puerto Plata Place,,Rostov-na-Donu,369,65387,812824036424,AAAAAAEBAAAAAAAAAAAAAAAAAAAAAAAAAA==,2014-09-25 22:32:56
196,9 San Miguel de Tucumán Manor,,Uttar Pradesh,169,90845,956188728558,AAAAAAEBAAAAZ9vEJLeZU0CkYedcQCY7QA==,2014-09-25 22:31:15
197,447 Surakarta Loop,,Nyanza,271,10428,940830176580,AAAAAAEBAAAAAAAAAAAAAAAAAAAAAAAAAA==,2014-09-25 22:31:56
198,345 Oshawa Boulevard,,Tokyo-to,204,32114,104491201771,AAAAAAEBAAAA+16eKc9sYUBL/PYaJ9ZBQA==,2014-09-25 22:31:45
199,1792 Valle de la Pascua Place,,Nordrhein-Westfalen,477,15540,419419591240,AAAAAAEBAAAA6b2MvXIMIEBWcl8Y+m9JQA==,2014-09-25 22:31:06
200,1074 Binzhou Manor,,Baden-Wrttemberg,325,36490,331132568928,AAAAAAEBAAAAAAAAAAAAAAAAAAAAAAAAAA==,2014-09-25 22:31:05
201,817 Bradford Loop,,Ji´angsu,109,89459,264286442804,AAAAAAEBAAAAw+G7gw79XUAGskOhCsY/QA==,2014-09-25 22:30:31
202,955 Bamenda Way,,Ondo & Ekiti,218,1545,768481779568,AAAAAAEBAAAAAAAAAAAAAAAAAAAAAAAAAA==,2014-09-25 22:32:24
203,1149 A Coruña (La Coruña) Boulevard,,Haiphong,194,95824,470884141195,AAAAAAEBAAAAdXPxt72rWkBQoJlxZN00QA==,2014-09-25 22:34:06
204,387 Mwene-Ditu Drive,,Ahal,35,8073,764477681869,AAAAAAEBAAAAsCU/PRExTUClOKLWj/pCQA==,2014-09-25 22:33:30
205,68 Molodetšno Manor,,Nordrhein-Westfalen,575,4662,146640639760,AAAAAAEBAAAA7vNzngxpHUD+SGzSyLhJQA==,2014-09-25 22:31:06
206,642 Nador Drive,,Maharashtra,77,3924,369050085652,AAAAAAEBAAAAVZ16SQjyUkDgEKrU7As1QA==,2014-09-25 22:31:13
207,1688 Nador Lane,,Sulawesi Utara,184,61613,652218196731,AAAAAAEBAAAA41hycESUXkCT8TnBSLnoPw==,2014-09-25 22:31:32
208,1215 Pyongyang Parkway,,Usak,557,25238,646237101779,AAAAAAEBAAAAAZ5Zt+ZnPUBzXgjeNVZDQA==,2014-09-25 22:33:30
209,1679 Antofagasta Street,,Alto Paran,122,86599,905903574913,AAAAAAEBAAAAAAAAAAAAAAAAAAAAAAAAAA==,2014-09-25 22:32:32
210,1304 ´s-Hertogenbosch Way,,Santa Catarina,83,10925,90336226227,AAAAAAEBAAAAveq3ZXaISMBXVdQFYes6wA==,2014-09-25 22:30:16
211,850 Salala Loop,,Kitaa,371,10800,403404780639,AAAAAAEBAAAAAAAAAAAAAAAAAAAAAAAAAA==,2014-09-25 22:31:07
212,624 Oshawa Boulevard,,West Bengali,51,89959,49677664184,AAAAAAEBAAAAD7y1p78xVkDqfNNPkzg5QA==,2014-09-25 22:31:11
213,43 Dadu Avenue,,Rajasthan,74,4855,95666951770,AAAAAAEBAAAAvPlXoKeoUkBARuXLsFg5QA==,2014-09-25 22:31:12
214,751 Lima Loop,,Aden,7,99405,756460337785,AAAAAAEBAAAAXs8hurGERkCpAHOIE48pQA==,2014-09-25 22:34:08
215,1333 Haldia Street,,Jilin,174,82161,408304391718,AAAAAAEBAAAAB6UeWEQ0X0BM5x5td5dGQA==,2014-09-25 22:30:33
216,660 Jedda Boulevard,,Washington,65,25053,168758068397,AAAAAAEBAAAACe72D9iMXsA8MxwqIc5HQA==,2014-09-25 22:33:45
217,1001 Miyakonojo Lane,,Taizz,518,67924,584316724815,AAAAAAEBAAAAZkLdUa0CRkB4LBEDuCgrQA==,2014-09-25 22:34:11
218,226 Brest Manor,,California,508,2299,785881412500,AAAAAAEBAAAAz582qlOCXsC1TZb/Na9CQA==,2014-09-25 22:34:02
219,1229 Valencia Parkway,,Haskovo,498,99124,352679173732,AAAAAAEBAAAAAAAAAAAAAAAAAAAAAAAAAA==,2014-09-25 22:30:24
220,1201 Qomsheh Manor,,Gois,28,21464,873492228462,AAAAAAEBAAAAAAAAAAAAAAAAAAAAAAAAAA==,2014-09-25 22:30:15
221,866 Shivapuri Manor,,Uttar Pradesh,448,22474,778502731092,AAAAAAEBAAAAlAvfDEikU0ByZIreTpU8QA==,2014-09-25 22:31:26
222,1168 Najafabad Parkway,,Kabol,251,40301,886649065861,AAAAAAEBAAAAkXOsnAdLUUCOvc3RmUNBQA==,2014-09-25 22:29:59
223,1244 Allappuzha (Alleppey) Place,,Buenos Aires,567,20657,991802825778,AAAAAAEBAAAAAAAAAAAAAAAAAAAAAAAAAA==,2014-09-25 22:30:08
224,1842 Luziânia Boulevard,,Zanzibar West,593,94420,706878974831,AAAAAAEBAAAAReFp6FWZQ0C2LF+X4acYwA==,2014-09-25 22:33:19
225,1926 Gingoog Street,,Sisilia,511,22824,469738825391,AAAAAAEBAAAATdnpB3WNLkBxmvStxYpCQA==,2014-09-25 22:31:44
226,810 Palghat (Palakkad) Boulevard,,Jaroslavl,235,73431,516331171356,AAAAAAEBAAAAadSNwdTvQ0AClNCnn9BMQA==,2014-09-25 22:32:49
227,1820 Maringá Parkway,,Punjab,324,88307,99760893676,AAAAAAEBAAAAHgU+9f5eUkBsYXGTrEpAQA==,2014-09-25 22:32:30
228,60 Poços de Caldas Street,,Rajasthan,243,82338,963063788669,AAAAAAEBAAAAae7XU2FAUkB5YFuatkQ6QA==,2014-09-25 22:31:18
229,1014 Loja Manor,,Tamil Nadu,22,66851,460795526514,AAAAAAEBAAAAgD42blYKVEChIS3fRDIqQA==,2014-09-25 22:31:10
230,201 Effon-Alaiye Way,,Asunción,37,64344,684192903087,AAAAAAEBAAAAAAAAAAAAAAAAAAAAAAAAAA==,2014-09-25 22:32:31
231,430 Alessandria Loop,,Saarland,439,47446,669828224459,AAAAAAEBAAAAAAAAAAAAAAAAAAAAAAAAAA==,2014-09-25 22:31:06
232,754 Valencia Place,,Phnom Penh,406,87911,594319417514,AAAAAAEBAAAAkJPT6J86WkCqzN5j+h8nQA==,2014-09-25 22:30:25
233,356 Olomouc Manor,,Gois,26,93323,22326410776,AAAAAAEBAAAAAAAAAAAAAAAAAAAAAAAAAA==,2014-09-25 22:30:15
234,1256 Bislig Boulevard,,Botosani,86,50598,479007229460,AAAAAAEBAAAAhQWcSquqOkCNrEbAMuBHQA==,2014-09-25 22:32:46
235,954 Kimchon Place,,West Bengali,559,42420,541327526474,AAAAAAEBAAAAAAAAAAAAAAAAAAAAAAAAAA==,2014-09-25 22:31:28
236,885 Yingkou Manor,,Kaduna,596,31390,588964509072,AAAAAAEBAAAABs8pbRbkHkA44+q2+jgmQA==,2014-09-25 22:32:28
237,1736 Cavite Place,,Qina,216,98775,431770603551,AAAAAAEBAAAAAAAAAAAAAAAAAAAAAAAAAA==,2014-09-25 22:30:56
238,346 Skikda Parkway,,Hawalli,233,90628,630424482919,AAAAAAEBAAAAAAAAAAAAAAAAAAAAAAAAAA==,2014-09-25 22:31:57
239,98 Stara Zagora Boulevard,,Valle,96,76448,610173756082,AAAAAAEBAAAAhM1KpP5BU8DbmVMTjgoPQA==,2014-09-25 22:30:51
240,1479 Rustenburg Boulevard,,Southern Tagalog,527,18727,727785483194,AAAAAAEBAAAAAAAAAAAAAAAAAAAAAAAAAA==,2014-09-25 22:32:40
241,647 A Coruña (La Coruña) Street,,Chollanam,357,36971,792557457753,AAAAAAEBAAAAAAAAAAAAAAAAAAAAAAAAAA==,2014-09-25 22:33:07
242,1964 Gijón Manor,,Karnataka,473,14408,918119601885,AAAAAAEBAAAAu8PcpFjkUkDaQkb299wrQA==,2014-09-25 22:31:26
243,47 Syktyvkar Lane,,West Java,118,22236,63937119031,AAAAAAEBAAAA7au8Lo2wWkDDwTl+A34awA==,2014-09-25 22:31:31
244,1148 Saarbrücken Parkway,,Fukushima,226,1921,137773001988,AAAAAAEBAAAArYrLTEScYUBT+CKQAYdCQA==,2014-09-25 22:31:47
245,1103 Bilbays Parkway,,Hubei,578,87660,279979529227,AAAAAAEBAAAAp27TREQJXEASNMHLZwVAQA==,2014-09-25 22:30:45
246,1246 Boksburg Parkway,,Hebei,422,28349,890283544295,AAAAAAEBAAAAtmoyPqflXUDlCL4OQfdDQA==,2014-09-25 22:30:41
247,1483 Pathankot Street,,Tucumn,454,37288,686015532180,AAAAAAEBAAAAAAAAAAAAAAAAAAAAAAAAAA==,2014-09-25 22:30:06
248,582 Papeete Loop,,Central Visayas,294,27722,569868543137,AAAAAAEBAAAAHxibscP8XkB9xPnl3Z4kQA==,2014-09-25 22:32:38
249,300 Junan Street,,Kyonggi,553,81314,890289150158,AAAAAAEBAAAAAAAAAAAAAAAAAAAAAAAAAA==,2014-09-25 22:33:08
250,829 Grand Prairie Way,,Paraná,328,6461,741070712873,AAAAAAEBAAAAAAAAAAAAAAAAAAAAAAAAAA==,2014-09-25 22:30:20
251,1473 Changhwa Parkway,,Mxico,124,75933,266798132374,AAAAAAEBAAAAAAAAAAAAAAAAAAAAAAAAAA==,2014-09-25 22:32:03
252,1309 Weifang Street,,Florida,520,57338,435785045362,AAAAAAEBAAAA7Az4ofcRVcCZWgBkMnA+QA==,2014-09-25 22:34:02
253,1760 Oshawa Manor,,Tianjin,535,38140,56257502250,AAAAAAEBAAAA+71eq05LXUDrCmyENJJDQA==,2014-09-25 22:30:43
254,786 Stara Zagora Way,,Oyo & Osun,390,98332,716256596301,AAAAAAEBAAAA20XiL3d3D0BzyLxEq2kfQA==,2014-09-25 22:32:27
255,1966 Tonghae Street,,Anhalt Sachsen,198,36481,567359279425,AAAAAAEBAAAAAAAAmCXVnUFFCgooechJQA==,2014-09-25 22:31:05
256,1497 Yuzhou Drive,,England,312,3433,246810237916,AAAAAAEBAAAAzEZCtocYwL/Kgi6GF8FJQA==,2014-09-25 22:33:37
258,752 Ondo Loop,,Miyazaki,338,32474,134673576619,AAAAAAEBAAAASK2LNiJiYECIce36u7s/QA==,2014-09-25 22:31:50
259,1338 Zalantun Lane,,Minas Gerais,413,45403,840522972766,AAAAAAEBAAAAAAAAAAAAAAAAAAAAAAAAAA==,2014-09-25 22:30:21
260,127 Iwakuni Boulevard,,Central Luzon,192,20777,987442542471,AAAAAAEBAAAADmlU4OQuXkCvBWJ+E6stQA==,2014-09-25 22:32:37
261,51 Laredo Avenue,,Sagaing,342,68146,884536620568,AAAAAAEBAAAAhyC9l7HIV0DU1/M1yxs2QA==,2014-09-25 22:32:18
262,771 Yaoundé Manor,,Sofala,64,86768,245477603573,AAAAAAEBAAAAEDNFymBrQUBGyyZl99czwA==,2014-09-25 22:32:17
263,532 Toulon Street,,Santiago,460,69517,46871694740,AAAAAAEBAAAA7NM7JpysUcCatn9lpXMzQA==,2014-09-25 22:30:55
264,1027 Banjul Place,,West Bengali,197,50390,538241037443,AAAAAAEBAAAA/hQiO8oaVkCsb2Byo+42QA==,2014-09-25 22:31:16
265,1158 Mandi Bahauddin Parkway,,Shanxi,136,98484,276555730211,AAAAAAEBAAAA7MhHQaZSXECpPHCE+wtEQA==,2014-09-25 22:30:32
266,862 Xintai Lane,,Cagayan Valley,548,30065,265153400632,AAAAAAEBAAAAFVgAU4ZuXkCKXMu/8ZwxQA==,2014-09-25 22:32:41
267,816 Cayenne Parkway,,Manab,414,93629,282874611748,AAAAAAEBAAAAAAAAAAAAAAAAAAAAAAAAAA==,2014-09-25 22:30:56
268,1831 Nam Dinh Loop,,National Capital Reg,323,51990,322888976727,AAAAAAEBAAAAAAAAAAAAAAAAAAAAAAAAAA==,2014-09-25 22:32:38
269,446 Kirovo-Tšepetsk Lane,,Osaka,203,19428,303967439816,AAAAAAEBAAAAjZTS2MPzYEBgjO1a51VBQA==,2014-09-25 22:31:45
270,682 Halisahar Place,,Severn Morava,378,20536,475553436330,AAAAAAEBAAAAAAAAAAAAAAAAAAAAAAAAAA==,2014-09-25 22:30:54
271,1587 Loja Manor,,Salzburg,447,5410,621625204422,AAAAAAEBAAAALIPFPIYWKkBYht0cU+ZHQA==,2014-09-25 22:30:10
272,1762 Paarl Parkway,,Hunan,298,53928,192459639410,AAAAAAEBAAAAZzM9F3zbW0DbqKnAJLA7QA==,2014-09-25 22:30:39
273,1519 Ilorin Place,,Kerala,395,49298,357445645426,AAAAAAEBAAAADE/5IQAqU0C9dy9Sg4wlQA==,2014-09-25 22:31:21
274,920 Kumbakonam Loop,,California,446,75090,685010736240,AAAAAAEBAAAAEu9K3PRpXsAbleU1wFZCQA==,2014-09-25 22:34:00
275,906 Goiânia Way,,Wielkopolskie,255,83565,701767622697,AAAAAAEBAAAAf6KyYU0XMkBAZDZta+FJQA==,2014-09-25 22:32:42
276,1675 Xi´angfan Manor,,Tamil Nadu,283,11763,271149517630,AAAAAAEBAAAAQraHGArZU0DuQQjIl+wlQA==,2014-09-25 22:31:20
277,85 San Felipe de Puerto Plata Drive,,Shandong,584,46063,170739645687,AAAAAAEBAAAA6mBYWTZcXkDvEBDd/bxCQA==,2014-09-25 22:30:48
278,144 South Hill Loop,,Guanajuato,445,2012,45387294817,AAAAAAEBAAAAK4TVWEJMWcBpmyz/a5I0QA==,2014-09-25 22:32:11
279,1884 Shikarpur Avenue,,Haryana,263,85548,959949395183,AAAAAAEBAAAALOOV2kE/U0DrRg7HqbA9QA==,2014-09-25 22:31:19
280,1980 Kamjanets-Podilskyi Street,,Illinois,404,89502,874337098891,AAAAAAEBAAAAFnzkILJlVsC3lm63yVhEQA==,2014-09-25 22:33:57
281,1944 Bamenda Way,,Michigan,573,24645,75975221996,AAAAAAEBAAAAuLZLdsfBVMDvJUNEID1FQA==,2014-09-25 22:34:03
282,556 Baybay Manor,,Oyo & Osun,374,55802,363982224739,AAAAAAEBAAAA9cb/08MOEUD8MOe+QVAgQA==,2014-09-25 22:32:25
283,457 Tongliao Loop,,Bursa,222,56254,880756161823,AAAAAAEBAAAAAAAAAAAAAAAAAAAAAAAAAA==,2014-09-25 22:33:25
284,600 Bradford Street,,East Azerbaidzan,514,96204,117592274996,AAAAAAEBAAAA7k4tEV4lR0BE/1/QnQpDQA==,2014-09-25 22:31:40
285,1006 Santa Bárbara d´Oeste Manor,,Ondo & Ekiti,389,36229,85059738746,AAAAAAEBAAAA+8Z85eZYFkBTGntA6sgcQA==,2014-09-25 22:32:26
286,1308 Sumy Loop,,Fujian,175,30657,583021225407,AAAAAAEBAAAA3HryVZfTXUCWF6qstw86QA==,2014-09-25 22:30:34
287,1405 Chisinau Place,,Ponce,411,8160,62781725285,AAAAAAEBAAAAl0NB30ynUMA/IZYo1gIyQA==,2014-09-25 22:32:45
288,226 Halifax Street,,Xinxiang,277,58492,790651020929,AAAAAAEBAAAAAAAAAAAAAAAAAAAAAAAAAA==,2014-09-25 22:30:38
289,1279 Udine Parkway,,Edo & Delta,69,75860,195003555232,AAAAAAEBAAAA/7ft1o2CFkCP9LOiF1cZQA==,2014-09-25 22:32:23
290,1336 Benin City Drive,,Shiga,386,46044,341242939532,AAAAAAEBAAAA1YEHYcn7YEAbB6i6kYBBQA==,2014-09-25 22:31:53
291,1155 Liaocheng Place,,Oyo & Osun,152,22650,558236142492,AAAAAAEBAAAAAAAAAAAAAAAAAAAAAAAAAA==,2014-09-25 22:32:23
292,1993 Tabuk Lane,,Tamil Nadu,522,64221,648482415405,AAAAAAEBAAAAKvOg6iEIVEB/lMeJZdkpQA==,2014-09-25 22:31:27
293,86 Higashiosaka Lane,,Guanajuato,563,33768,957128697225,AAAAAAEBAAAALa9cbxtMWcB/NPfrqWQ0QA==,2014-09-25 22:32:14
294,1912 Allende Manor,,Kowloon and New Kowl,279,58124,172262454487,AAAAAAEBAAAAAAAAAAAAAAAAAAAAAAAAAA==,2014-09-25 22:31:09
295,544 Tarsus Boulevard,,Gurico,562,53145,892523334,AAAAAAEBAAAAAAAAAAAAAAAAAAAAAAAAAA==,2014-09-25 22:34:05
296,1936 Cumaná Avenue,,Virginia,433,61195,976798660411,AAAAAAEBAAAA/Xs6aED8U8Bl9O1ur6JCQA==,2014-09-25 22:33:58
297,1192 Tongliao Street,,Sharja,470,19065,350970907017,AAAAAAEBAAAAqifzj760S0BT5otiXlY5QA==,2014-09-25 22:33:35
298,44 Najafabad Way,,Baskimaa,146,61391,96604821070,AAAAAAEBAAAAAAAAAAAAAAAAAAAAAAAAAA==,2014-09-25 22:33:08
299,32 Pudukkottai Lane,,Ohio,140,38834,967274728547,AAAAAAEBAAAAB3qobUMMVcBAnCxaJeFDQA==,2014-09-25 22:33:49
300,661 Chisinau Lane,,Pietari,274,8856,816436065431,AAAAAAEBAAAAAAAAAAAAAAAAAAAAAAAAAA==,2014-09-25 22:32:51
301,951 Stara Zagora Manor,,Punjab,400,98573,429925609431,AAAAAAEBAAAAHilsUMUZU0BWUXI9wFM+QA==,2014-09-25 22:31:22
302,922 Vila Velha Loop,,Maharashtra,9,4085,510737228015,AAAAAAEBAAAAc49bgkKvUkBhISnYNRgzQA==,2014-09-25 22:31:10
303,898 Jining Lane,,Pohjois-Pohjanmaa,387,40070,161643343536,AAAAAAEBAAAAPfuA9tl3OUDI0LGDykBQQA==,2014-09-25 22:31:00
304,1635 Kuwana Boulevard,,Hiroshima,205,52137,710603868323,AAAAAAEBAAAAqpRDMLOOYEAkcDX8uDJBQA==,2014-09-25 22:31:46
305,41 El Alto Parkway,,Maharashtra,398,56883,51917807050,AAAAAAEBAAAA1IfkGlUxU0C8MIj+v0QzQA==,2014-09-25 22:31:22
306,1883 Maikop Lane,,Kaliningrad,254,68469,96110042435,AAAAAAEBAAAAIN+UqM2CNEAV2RiFblpLQA==,2014-09-25 22:32:50
307,1908 Gaziantep Place,,Liaoning,536,58979,108053751300,AAAAAAEBAAAATapsDsbmXkCOn3ww3zRFQA==,2014-09-25 22:30:43
308,687 Alessandria Parkway,,Sanaa,455,57587,407218522294,AAAAAAEBAAAADGAlenQaRkCFShI6nrUuQA==,2014-09-25 22:34:10
309,827 Yuncheng Drive,,Callao,99,79047,504434452842,AAAAAAEBAAAAwlFNpI9HU8AnHNVE+hwowA==,2014-09-25 22:32:32
310,913 Coacalco de Berriozábal Loop,,Texas,33,42141,262088367001,AAAAAAEBAAAAIzcex+pGWMCoaFFEK15AQA==,2014-09-25 22:33:43
311,715 São Bernardo do Campo Lane,,Kedah,507,84804,181179321332,AAAAAAEBAAAA2NvB4zYfWUBSDfs9sZYWQA==,2014-09-25 22:32:00
312,1354 Siegen Street,,Rio de Janeiro,25,80184,573441801529,AAAAAAEBAAAAkUYFTrYoRsD8oNOYtQE3wA==,2014-09-25 22:30:15
313,1191 Sungai Petani Boulevard,,Missouri,262,9668,983259819766,AAAAAAEBAAAAVYkNcQelV8DLdWT2w4xDQA==,2014-09-25 22:33:54
314,1224 Huejutla de Reyes Boulevard,,Lombardia,91,70923,806016930576,AAAAAAEBAAAA2FtvQPBtJEBe7jjqjcRGQA==,2014-09-25 22:31:43
315,543 Bergamo Avenue,,Minas Gerais,215,59686,103602195112,AAAAAAEBAAAAAAAAAAAAAAAAAAAAAAAAAA==,2014-09-25 22:30:18
316,746 Joliet Lane,,Kursk,286,94878,688485191923,AAAAAAEBAAAAhZSfVPsXQkDg3Lr2YN5JQA==,2014-09-25 22:32:52
317,780 Kimberley Way,,Tabuk,515,17032,824396883951,AAAAAAEBAAAAG9R+aydJQkCLU62FWWY8QA==,2014-09-25 22:33:00
318,1774 Yaoundé Place,,Hubei,166,91400,613124286867,AAAAAAEBAAAAKgDGM+ixXEBMY8W6An0+QA==,2014-09-25 22:30:33
319,1957 Yantai Lane,,São Paulo,490,59255,704948322302,AAAAAAEBAAAAAAAAAAAAAAAAAAAAAAAAAA==,2014-09-25 22:30:22
320,1542 Lubumbashi Boulevard,,Tel Aviv,57,62472,508800331065,AAAAAAEBAAAAdl+E3zxgQUA8q2CvCwNAQA==,2014-09-25 22:31:41
321,651 Pathankot Loop,,Maharashtra,336,59811,139378397418,AAAAAAEBAAAAIZj+gGKpUkCKwWj7/NIwQA==,2014-09-25 22:31:20
322,1359 Zhoushan Parkway,,Streymoyar,545,29763,46568045367,AAAAAAEBAAAAAAAAAAAAAAAAAAAAAAAAAA==,2014-09-25 22:30:59
323,1769 Iwaki Lane,,Kujawsko-Pomorskie,97,25787,556100547674,AAAAAAEBAAAASHtyA/QBMkCDfvDr0Y9KQA==,2014-09-25 22:32:41
324,1145 Vilnius Manor,,Mxico,451,73170,674805712553,AAAAAAEBAAAAAAAAAAAAAAAAAAAAAAAAAA==,2014-09-25 22:32:12
325,1892 Nabereznyje Tšelny Lane,,Tutuila,516,28396,478229987054,AAAAAAEBAAAAAAAAAAAAAAAAAAAAAAAAAA==,2014-09-25 22:30:02
326,470 Boksburg Street,,Central,81,97960,908029859266,AAAAAAEBAAAA2ueMgyY4VUBb4hKRqwI7QA==,2014-09-25 22:32:19
327,1427 A Coruña (La Coruña) Place,,Buenos Aires,45,85799,972574862516,AAAAAAEBAAAAAAAAAAAAAAAAAAAAAAAAAA==,2014-09-25 22:30:04
328,479 San Felipe del Progreso Avenue,,Morelos,130,54949,869051782691,AAAAAAEBAAAAyH5xBIS8WMA5/Y8C+s0yQA==,2014-09-25 22:32:04
329,867 Benin City Avenue,,Henan,591,78543,168884817145,AAAAAAEBAAAAoPL5crBdXEBdaFMa1hRBQA==,2014-09-25 22:30:50
330,981 Kumbakonam Place,,Distrito Federal,89,87611,829116184079,AAAAAAEBAAAAAAAAAAAAAAAAAAAAAAAAAA==,2014-09-25 22:30:17
331,1016 Iwakuni Street,,St George,269,49833,961370847344,AAAAAAEBAAAAodwRqcScTsDRG5NqRFEqQA==,2014-09-25 22:32:59
332,663 Bahía Blanca Parkway,,Adana,5,33463,834418779292,AAAAAAEBAAAAvnIYJxmqQUDM0eP3NoBCQA==,2014-09-25 22:33:22
333,1860 Taguig Loop,,West Java,119,59550,38158430589,AAAAAAEBAAAAQqyjT9DlWkDWmMblLtgbwA==,2014-09-25 22:31:32
334,1816 Bydgoszcz Loop,,Dhaka,234,64308,965273813662,AAAAAAEBAAAApxfGJ658VkCAvR08bus4QA==,2014-09-25 22:30:12
335,587 Benguela Manor,,Illinois,42,91590,165450987037,AAAAAAEBAAAAl87iIHwUVsDd76vNWuFEQA==,2014-09-25 22:33:44
336,430 Kumbakonam Drive,,Santa Fé,457,28814,105470691550,AAAAAAEBAAAABMGIIkkwTcBV31T/e05BwA==,2014-09-25 22:30:07
337,1838 Tabriz Lane,,Dhaka,143,1195,38988715447,AAAAAAEBAAAAGl2UjxOaVkDE0htJ3bU3QA==,2014-09-25 22:30:12
338,431 Székesfehérvár Avenue,,Baki,48,57828,119501405123,AAAAAAEBAAAAp3aGqS3ySEAPrsrPVzBEQA==,2014-09-25 22:30:11
339,503 Sogamoso Loop,,Sumqayit,505,49812,834626715837,AAAAAAEBAAAAbIPJQ5XVSEAsjrkhfEtEQA==,2014-09-25 22:30:11
340,507 Smolensk Loop,,Sousse,492,22971,80303246192,AAAAAAEBAAAAKY6o9SNGJUB12mSepulBQA==,2014-09-25 22:33:21
341,1920 Weifang Avenue,,Uttar Pradesh,427,15643,869507847714,AAAAAAEBAAAAHz76cNrBU0B0EM9tHc88QA==,2014-09-25 22:31:25
342,124 al-Manama Way,,Hiroshima,382,52368,647899404952,AAAAAAEBAAAAS+B7JEqnYEB7DtGNVTVBQA==,2014-09-25 22:31:52
343,1443 Mardan Street,,Western Cape,392,31483,231383037471,AAAAAAEBAAAA+2B01Cz3MkCwsDs4M9pAwA==,2014-09-25 22:33:05
344,1909 Benguela Lane,,Henan,581,19913,624138001031,AAAAAAEBAAAA9K1qpIB3XEBm6yruiadBQA==,2014-09-25 22:30:47
345,68 Ponce Parkway,,Hanoi,201,85926,870635127812,AAAAAAEBAAAAXfUlwNV1WkAA9hs3RgY1QA==,2014-09-25 22:34:06
346,1217 Konotop Avenue,,Gelderland,151,504,718917251754,AAAAAAEBAAAA9DhnnyKiFkAZtOs5RARKQA==,2014-09-25 22:32:20
347,1293 Nam Dinh Way,,Roraima,84,71583,697656479977,AAAAAAEBAAAAjubIyi9WTsDZwj3gy44GQA==,2014-09-25 22:30:17
348,785 Vaduz Street,,Baja California,335,36170,895616862749,AAAAAAEBAAAADWHrCBbdXMB9syhHXFBAQA==,2014-09-25 22:32:10
349,1516 Escobar Drive,,Tongatapu,370,46069,64536069371,AAAAAAEBAAAAkTKYdXXmZcC+Ed2zriM1wA==,2014-09-25 22:33:20
350,1628 Nagareyama Lane,,Central,453,60079,20064292617,AAAAAAEBAAAAGaXwRSDBTMApAGt69VY5wA==,2014-09-25 22:32:32
351,1157 Nyeri Loop,,Adygea,320,56380,262744791493,AAAAAAEBAAAArJG4IowNREDr0QrCy01GQA==,2014-09-25 22:32:55
352,1673 Tangail Drive,,Daugavpils,137,26857,627924259271,AAAAAAEBAAAAQ3ekVYiIOkDlgLgGEfFLQA==,2014-09-25 22:31:57
353,381 Kabul Way,,Taipei,209,87272,55477302294,AAAAAAEBAAAAAAAAAAAAAAAAAAAAAAAAAA==,2014-09-25 22:33:15
354,953 Hodeida Street,,Southern Tagalog,221,18841,53912826864,AAAAAAEBAAAAAAAAAAAAAAAAAAAAAAAAAA==,2014-09-25 22:32:37
355,469 Nakhon Sawan Street,,Tuvassia,531,58866,689199636560,AAAAAAEBAAAAAAAAAAAAAAAAAAAAAAAAAA==,2014-09-25 22:32:58
356,1378 Beira Loop,,Krasnojarsk,597,40792,840957664136,AAAAAAEBAAAAAAAAAAAAAAAAAAAAAAAAAA==,2014-09-25 22:32:58
357,1641 Changhwa Place,,Nord-Ouest,52,37636,256546485220,AAAAAAEBAAAAEDtT6LxKJECkwKfev9YXQA==,2014-09-25 22:30:25
358,1698 Southport Loop,,Hidalgo,393,49009,754358349853,AAAAAAEBAAAAerguRu6uWMA97ZUe8h00QA==,2014-09-25 22:32:11
359,519 Nyeri Manor,,São Paulo,461,37650,764680915323,AAAAAAEBAAAAAAAAAAAAAAAAAAAAAAAAAA==,2014-09-25 22:30:21
360,619 Huánuco Avenue,,Shimane,331,81508,142596392389,AAAAAAEBAAAAoJrcOZ6hYEBbHUr+cbxBQA==,2014-09-25 22:31:50
361,45 Aparecida de Goiânia Place,,Madhya Pradesh,464,7431,650496654258,AAAAAAEBAAAAngzpS8o0VEDJ/bOLDpU4QA==,2014-09-25 22:31:26
362,482 Kowloon and New Kowloon Manor,,Bratislava,90,97056,738968474939,AAAAAAEBAAAAcNwY8VMbMUC9uQkI9xJIQA==,2014-09-25 22:33:02
363,604 Bern Place,,Jharkhand,429,5373,620719383725,AAAAAAEBAAAAeZ+ZFqtVVUA3zIbrB1k3QA==,2014-09-25 22:31:25
364,1623 Kingstown Drive,,Buenos Aires,20,91299,296394569728,AAAAAAEBAAAAeRVjqqoqTcDkg57NqmpBwA==,2014-09-25 22:30:04
365,1009 Zanzibar Lane,,Arecibo,32,64875,102396298916,AAAAAAEBAAAA+71eq86tUMDpeHGH8ngyQA==,2014-09-25 22:32:45
366,114 Jalib al-Shuyukh Manor,,Centre,585,60440,845378657301,AAAAAAEBAAAAAAAAAAAAAAAAAAAAAAAAAA==,2014-09-25 22:30:25
367,1163 London Parkway,,Par,66,6066,675120358494,AAAAAAEBAAAAAAAAAAAAAAAAAAAAAAAAAA==,2014-09-25 22:30:16
368,1658 Jastrzebie-Zdrój Loop,,Central,372,96584,568367775448,AAAAAAEBAAAAK3OpAM7vQkBmCBG6lW+5vw==,2014-09-25 22:31:56
369,817 Laredo Avenue,,Jalisco,188,77449,151249681135,AAAAAAEBAAAA8Av5sRPZWcA+TuK9tKo0QA==,2014-09-25 22:32:06
370,1565 Tangail Manor,,Okinawa,377,45750,634445428822,AAAAAAEBAAAA2Ux0TMyqX0BFocCWssU5QA==,2014-09-25 22:31:52
371,1912 Emeishan Drive,,Balikesir,50,33050,99883471275,AAAAAAEBAAAA8QdNXNjiO0ALKgU4GNNDQA==,2014-09-25 22:33:22
372,230 Urawa Drive,,Andhra Pradesh,8,2738,166898395731,AAAAAAEBAAAAiwSuhp9RU0CykwvfDEAvQA==,2014-09-25 22:31:09
373,1922 Miraj Way,,Esfahan,356,13203,320471479776,AAAAAAEBAAAAFwULcfauSUAmIx3UNFFAQA==,2014-09-25 22:31:37
374,433 Florencia Street,,Chihuahua,250,91330,561729882725,AAAAAAEBAAAAAAAAAAAAAAAAAAAAAAAAAA==,2014-09-25 22:32:08
375,1049 Matamoros Parkway,,Karnataka,191,69640,960505250340,AAAAAAEBAAAAeSPzyJ81U0A4Z0Rpb1YxQA==,2014-09-25 22:31:16
376,1061 Ede Avenue,,Southern Tagalog,98,57810,333390595558,AAAAAAEBAAAAAAAAAAAAAAAAAAAAAAAAAA==,2014-09-25 22:32:35
377,154 Oshawa Manor,,East Java,415,72771,440365973660,AAAAAAEBAAAABbkwd9JNXEBlB0srdAQfwA==,2014-09-25 22:31:34
378,1191 Tandil Drive,,Southern Tagalog,523,6362,45554316010,AAAAAAEBAAAAAAAAAAAAAAAAAAAAAAAAAA==,2014-09-25 22:32:40
379,1133 Rizhao Avenue,,Pernambuco,572,2800,600264533987,AAAAAAEBAAAAAAAAAAAAAAAAAAAAAAAAAA==,2014-09-25 22:30:23
380,1519 Santiago de los Caballeros Loop,,East Kasai,348,22025,409315295763,AAAAAAEBAAAAAAAAAAAAAAAAAAAAAAAAAA==,2014-09-25 22:30:53
381,1618 Olomouc Manor,,Kurgan,285,26385,96846695220,AAAAAAEBAAAAsWlKV1VVUEDqj9VS5blLQA==,2014-09-25 22:32:51
382,220 Hidalgo Drive,,Kermanshah,265,45298,342720754566,AAAAAAEBAAAATnqEP2iIR0AIYF7bNihBQA==,2014-09-25 22:31:37
383,686 Donostia-San Sebastián Lane,,Guangdong,471,97390,71857599858,AAAAAAEBAAAA+QocGmCEXEAP23EeqYs2QA==,2014-09-25 22:30:42
384,97 Mogiljov Lane,,Gujarat,73,89294,924815207181,AAAAAAEBAAAAtPEW/sIJUkCX2wdqQsY1QA==,2014-09-25 22:31:11
385,1642 Charlotte Amalie Drive,,Slaskie,549,75442,821476736117,AAAAAAEBAAAA3cTaKWf3MkDV1uMZjxFJQA==,2014-09-25 22:32:44
386,1368 Maracaíbo Boulevard,,,493,32716,934352415130,AAAAAAEBAAAAcxB0tKqKT8BQkglT7y4yQA==,2014-09-25 22:30:03
387,401 Sucre Boulevard,,New Hampshire,322,25007,486395999608,AAAAAAEBAAAAgX+lThvdUcATcYRWcX9FQA==,2014-09-25 22:33:56
388,368 Huánuco Boulevard,,Namibe,360,17165,106439158941,AAAAAAEBAAAAtYWM7O9NKEBNjvEXaWQuwA==,2014-09-25 22:30:03
389,500 Lincoln Parkway,,Ji´angsu,210,95509,550306965159,AAAAAAEBAAAAPDmeKjrBXUBECUSZV8tAQA==,2014-09-25 22:30:35
390,102 Chapra Drive,,Ibaragi,521,14073,776031833752,AAAAAAEBAAAAAAAAAAAAAAAAAAAAAAAAAA==,2014-09-25 22:31:54
391,1793 Meixian Place,,Hmelnytskyi,258,33535,619966287415,AAAAAAEBAAAAAAAAAAAAAAAAAAAAAAAAAA==,2014-09-25 22:33:31
392,514 Ife Way,,Shaba,315,69973,900235712074,AAAAAAEBAAAAAAAAAAAAAAAAAAAAAAAAAA==,2014-09-25 22:30:53
393,717 Changzhou Lane,,Southern Tagalog,104,21615,426255288071,AAAAAAEBAAAAAAAAAAAAAAAAAAAAAAAAAA==,2014-09-25 22:32:36
394,753 Ilorin Avenue,,Sichuan,157,3656,464511145118,AAAAAAEBAAAAhTHYw83YWUBZ1w2AXYg9QA==,2014-09-25 22:30:32
395,1337 Mit Ghamr Avenue,,Nakhon Sawan,358,29810,175283210378,AAAAAAEBAAAAmliFcscIWUBNI3ci0mgvQA==,2014-09-25 22:33:19
396,767 Pyongyang Drive,,Osaka,229,83536,667736124769,AAAAAAEBAAAAFJp/T8fqYECgJBOm3i9BQA==,2014-09-25 22:31:48
397,614 Pak Kret Street,,Addis Abeba,6,27796,47808359842,AAAAAAEBAAAAn4TjQ5pfQ0AiM7z+yQwiQA==,2014-09-25 22:30:59
398,954 Lapu-Lapu Way,,Moskova,278,8816,737229003916,AAAAAAEBAAAAAAAAAAAAAAAAAAAAAAAAAA==,2014-09-25 22:32:51
399,331 Bydgoszcz Parkway,,Asturia,181,966,537374465982,AAAAAAEBAAAAAAAAAAAAAAAAAAAAAAAAAA==,2014-09-25 22:33:09
400,1152 Citrus Heights Manor,,al-Qadarif,15,5239,765957414528,AAAAAAEBAAAAhPZFnRSxQUCqNu6D4hEsQA==,2014-09-25 22:33:11
401,168 Cianjur Manor,,Saitama,228,73824,679095087143,AAAAAAEBAAAA3qklwut1YUAyAFRx4/lBQA==,2014-09-25 22:31:48
402,616 Hagonoy Avenue,,Krasnojarsk,39,46043,604177838256,AAAAAAEBAAAAAAAAAAAAAAAAAAAAAAAAAA==,2014-09-25 22:32:47
403,1190 0 Place,,Rio Grande do Sul,44,10417,841876514789,AAAAAAEBAAAAI0ffSbANS8CGFRNA1lQ/wA==,2014-09-25 22:30:16
404,734 Béchar Place,,Punjab,375,30586,280578750435,AAAAAAEBAAAAbTttjYhcUkDEpAkl3c4+QA==,2014-09-25 22:32:31
405,530 Lausanne Lane,,Texas,135,11067,775235029633,AAAAAAEBAAAAnIMMiaAzWMDi0/d1O2RAQA==,2014-09-25 22:33:49
406,454 Patiala Lane,,Fukushima,276,13496,794553031307,AAAAAAEBAAAA7D1LRkSMYUCRMGcR5btCQA==,2014-09-25 22:31:49
407,1346 Mysore Drive,,Bretagne,92,61507,516647474029,AAAAAAEBAAAARHS+ju7uEcBwAQ3buz9IQA==,2014-09-25 22:31:00
408,990 Etawah Loop,,Tamil Nadu,564,79940,206169448769,AAAAAAEBAAAA1UtC2N88U0D+UYoMYackQA==,2014-09-25 22:31:29
409,1266 Laredo Parkway,,Saitama,380,7664,1483365694,AAAAAAEBAAAA+9l+6PhzYUA7pSg8DfRBQA==,2014-09-25 22:31:52
410,88 Nagaon Manor,,Buenos Aires,524,86868,779461480495,AAAAAAEBAAAAyjc2lguRTcDXipGALKlCwA==,2014-09-25 22:30:07
411,264 Bhimavaram Manor,,St Thomas,111,54749,302526949177,AAAAAAEBAAAAAAAAAAAAAAAAAAAAAAAAAA==,2014-09-25 22:34:08
412,1639 Saarbrücken Drive,,North West,437,9827,328494873422,AAAAAAEBAAAAFcuIZvk9O0DkiuZc5ao5wA==,2014-09-25 22:33:05
413,692 Amroha Drive,,Northern,230,35575,359478883004,AAAAAAEBAAAAJ2SMtHkAVECY53dQP1YjQA==,2014-09-25 22:33:10
414,1936 Lapu-Lapu Parkway,,Bauchi & Gombe,141,7122,653436985797,AAAAAAEBAAAAAAAAAAAAAAAAAAAAAAAAAA==,2014-09-25 22:32:23
415,432 Garden Grove Street,,Ontario,430,65630,615964523510,AAAAAAEBAAAAPoZ98fvbU8BZAK6/gO9FQA==,2014-09-25 22:30:28
416,1445 Carmen Parkway,,West Java,117,70809,598912394463,AAAAAAEBAAAAlXlQ9VDFWkCzv6IRIhcbwA==,2014-09-25 22:31:30
417,791 Salinas Street,,Punjab,208,40509,129953030512,AAAAAAEBAAAAV56bkRz6UkB10laASog/QA==,2014-09-25 22:31:17
418,126 Acuña Parkway,,West Bengali,71,58888,480039662421,AAAAAAEBAAAAwwE+iRkQVkBOn3gp0Bo4QA==,2014-09-25 22:31:11
419,397 Sunnyvale Avenue,,Guanajuato,19,55566,680851640676,AAAAAAEBAAAAdUQZBZwvWcAkCcIVUOo0QA==,2014-09-25 22:32:01
420,992 Klerksdorp Loop,,Utrecht,23,33711,855290087237,AAAAAAEBAAAAwd/UrNiMFUBP3Du02RNKQA==,2014-09-25 22:32:19
421,966 Arecibo Loop,,Sind,134,94018,15273765306,AAAAAAEBAAAAvpsTIK/xUEDZNABlnbs6QA==,2014-09-25 22:32:30
422,289 Santo André Manor,,al-Sharqiya,16,72410,214976066017,AAAAAAEBAAAAAAAAAAAAAAAAAAAAAAAAAA==,2014-09-25 22:32:59
423,437 Chungho Drive,,Puerto Plata,450,59489,491271355190,AAAAAAEBAAAAIlqGkw+sUcAIJpJDH8szQA==,2014-09-25 22:30:55
424,1948 Bayugan Parkway,,Bihar,264,60622,987306329957,AAAAAAEBAAAAdhMhGoLkVUDWhcTi3Ik5QA==,2014-09-25 22:31:19
425,1866 al-Qatif Avenue,,California,155,89420,546793516940,AAAAAAEBAAAAtO56xMOBXcAWXSiqyAhBQA==,2014-09-25 22:33:50
426,1661 Abha Drive,,Tamil Nadu,416,14400,270456873752,AAAAAAEBAAAA07NqIZK0U0D7xREQOMMkQA==,2014-09-25 22:31:23
427,1557 Cape Coral Parkway,,Hubei,293,46875,368284120423,AAAAAAEBAAAANMwaBr3qW0AtWiX9YjFAQA==,2014-09-25 22:30:38
428,1727 Matamoros Place,,Sawhaj,465,78813,129673677866,AAAAAAEBAAAAg+ONJ92xP0BVW6CTlI46QA==,2014-09-25 22:30:57
429,1269 Botosani Manor,,Guangdong,468,47394,736517327853,AAAAAAEBAAAAyOHd2z7WXEAoGyDiMMg2QA==,2014-09-25 22:30:42
430,355 Vitória de Santo Antão Way,,Oaxaca,452,81758,548003849552,AAAAAAEBAAAAA2PYvAUIWMBQN1DgnRYyQA==,2014-09-25 22:32:13
431,1596 Acuña Parkway,,Jharkhand,418,70425,157133457169,AAAAAAEBAAAAAAAAAAAAAAAAAAAAAAAAAA==,2014-09-25 22:31:24
432,259 Ipoh Drive,,São Paulo,189,64964,419009857119,AAAAAAEBAAAAAAAAAAAAAAAAAAAAAAAAAA==,2014-09-25 22:30:18
433,1823 Hoshiarpur Lane,,Komi,510,33191,307133768620,AAAAAAEBAAAAxtqEIKxnSUDdms8UldZOQA==,2014-09-25 22:32:57
434,1404 Taguig Drive,,Okayama,547,87212,572068624538,AAAAAAEBAAAAIF0Rofa/YEC/6QIDrYZBQA==,2014-09-25 22:31:54
435,740 Udaipur Lane,,Nizni Novgorod,150,33505,497288595103,AAAAAAEBAAAAAAAAAAAAAAAAAAAAAAAAAA==,2014-09-25 22:32:47
436,287 Cuautla Boulevard,,Chuquisaca,501,72736,82619513349,AAAAAAEBAAAAKgsV0tBQUMBJxEq7hwgzwA==,2014-09-25 22:30:14
437,1766 Almirante Brown Street,,KwaZulu-Natal,364,63104,617567598243,AAAAAAEBAAAA/at98JDuPUBIjWTqCcI7wA==,2014-09-25 22:33:04
438,596 Huixquilucan Place,,Nampula,351,65892,342709348083,AAAAAAEBAAAAAAAAAAAAAAAAAAAAAAAAAA==,2014-09-25 22:32:17
439,1351 Aparecida de Goiânia Parkway,,Northern Mindanao,391,41775,959834530529,AAAAAAEBAAAA2v8Aa1X1XkCJjFjV3E8gQA==,2014-09-25 22:32:38
440,722 Bradford Lane,,Shandong,249,90920,746251338300,AAAAAAEBAAAAZT57iQy1XUB4oKky55VBQA==,2014-09-25 22:30:37
441,983 Santa Fé Way,,British Colombia,565,47472,145720452260,AAAAAAEBAAAAcZzKWKPHXsDu57kq9Z9IQA==,2014-09-25 22:30:28
442,1245 Ibirité Way,,La Romana,290,40926,331888642162,AAAAAAEBAAAAbVm+LkM+UcBPyHMiZm0yQA==,2014-09-25 22:30:54
443,1836 Korla Parkway,,Copperbelt,272,55405,689681677428,AAAAAAEBAAAABkJXx5Y2PEC7fsFu2JopwA==,2014-09-25 22:34:11
444,231 Kaliningrad Place,,Lombardia,70,57833,575081026569,AAAAAAEBAAAAehhanZxVI0CnfjkOF9lGQA==,2014-09-25 22:31:42
445,495 Bhimavaram Lane,,Maharashtra,144,3,82088937724,AAAAAAEBAAAAPuGRHcCxUkCzmUNSC+c0QA==,2014-09-25 22:31:15
446,1924 Shimonoseki Drive,,Batna,59,52625,406784385440,AAAAAAEBAAAANHywMVSyGEDfgUsRKsdBQA==,2014-09-25 22:29:59
447,105 Dzerzinsk Manor,,Inner Mongolia,540,48570,240776414296,AAAAAAEBAAAA8cBbe/qQXkD17APaZ85FQA==,2014-09-25 22:30:44
448,614 Denizli Parkway,,Rio Grande do Sul,486,29444,876491807547,AAAAAAEBAAAAAAAAAAAAAAAAAAAAAAAAAA==,2014-09-25 22:30:22
449,1289 Belém Boulevard,,Tartumaa,530,88306,237368926031,AAAAAAEBAAAAeWgO/5+5OkBsfldfuDBNQA==,2014-09-25 22:30:58
450,203 Tambaram Street,,Buenos Aires,161,73942,411549550611,AAAAAAEBAAAA51PHKqVgTcBDjNe8qipBwA==,2014-09-25 22:30:05
451,1704 Tambaram Manor,,West Bengali,554,2834,39463554936,AAAAAAEBAAAApOmi11UGVkD1mO2vw3k2QA==,2014-09-25 22:31:28
452,207 Cuernavaca Loop,,Tatarstan,352,52671,782900030287,AAAAAAEBAAAAAAAAAAAAAAAAAAAAAAAAAA==,2014-09-25 22:32:55
453,319 Springs Loop,,Baijeri,160,99552,72524459905,AAAAAAEBAAAAamLLPAMEJkCB/ufVpctIQA==,2014-09-25 22:31:05
454,956 Nam Dinh Manor,,Kerman,481,21872,474047727727,AAAAAAEBAAAA8WIGzynXS0DPqRpzjXM9QA==,2014-09-25 22:31:39
455,1947 Paarl Way,,Central Java,509,23636,834061016202,AAAAAAEBAAAAxNeNLTq1W0CsmWuHdTkewA==,2014-09-25 22:31:35
456,814 Simferopol Loop,,Sinaloa,154,48745,524567129902,AAAAAAEBAAAAlUMws/QvW8CQzNnxFTE6QA==,2014-09-25 22:32:05
457,535 Ahmadnagar Manor,,Abu Dhabi,3,41136,985109775584,AAAAAAEBAAAA0+buKe8uS0CZxuUueHc4QA==,2014-09-25 22:33:34
458,138 Caracas Boulevard,,Zulia,326,16790,974433019532,AAAAAAEBAAAAAAAAAAAAAAAAAAAAAAAAAA==,2014-09-25 22:34:04
459,251 Florencia Drive,,Michoacn de Ocampo,556,16119,118011831565,AAAAAAEBAAAAAAAAAAAAAAAAAAAAAAAAAA==,2014-09-25 22:32:13
460,659 Gatineau Boulevard,,La Paz,153,28587,205524798287,AAAAAAEBAAAAF+e5z7sLUcCgKYWKu3swwA==,2014-09-25 22:30:13
461,1889 Valparai Way,,Ziguinchor,600,75559,670370974122,AAAAAAEBAAAAIOHFDJ5FMMD8IZERqyopQA==,2014-09-25 22:33:01
462,1485 Bratislava Place,,Illinois,435,83183,924663855568,AAAAAAEBAAAAoIGiww1GVsBEU9GztCJFQA==,2014-09-25 22:33:59
463,935 Aden Boulevard,,Central Java,532,64709,335052544020,AAAAAAEBAAAAxxOcVfpIW0C+5DVlXXobwA==,2014-09-25 22:31:35
464,76 Kermanshah Manor,,Esfahan,423,23343,762361821578,AAAAAAEBAAAA/2YYLfbuSUCmC7H6IwFAQA==,2014-09-25 22:31:37
465,734 Tanshui Avenue,,Caquet,170,70664,366776723320,AAAAAAEBAAAAAAAAAAAAAAAAAAAAAAAAAA==,2014-09-25 22:30:52
466,118 Jaffna Loop,,Northern Mindanao,182,10447,325526730021,AAAAAAEBAAAAKLJ7l3dHX0C66kuAq6ohQA==,2014-09-25 22:32:36
467,1621 Tongliao Avenue,,Irkutsk,558,22173,209342540247,AAAAAAEBAAAAxyaeWEzpWUDlahrKP2BKQA==,2014-09-25 22:32:58
468,1844 Usak Avenue,,Nova Scotia,196,84461,164414772677,AAAAAAEBAAAAQgWHF0TJT8AWKw93mlJGQA==,2014-09-25 22:30:27
469,1872 Toulon Loop,,OHiggins,428,7939,928809465153,AAAAAAEBAAAAAAAAAAAAAAAAAAAAAAAAAA==,2014-09-25 22:30:30
470,1088 Ibirité Place,,Jalisco,595,88502,49084281333,AAAAAAEBAAAAeCBXj6DYWcBq5RTTO7k0QA==,2014-09-25 22:32:15
471,1322 Mosul Parkway,,Shandong,145,95400,268053970382,AAAAAAEBAAAAKFZXT3efXUAkJeJSOrtCQA==,2014-09-25 22:30:32
472,1447 Chatsworth Place,,Chihuahua,129,41545,769370126331,AAAAAAEBAAAAAAAAAAAAAAAAAAAAAAAAAA==,2014-09-25 22:32:04
473,1257 Guadalajara Street,,Karnataka,78,33599,195337700615,AAAAAAEBAAAABSBJpMjtUkDnAvKADdMwQA==,2014-09-25 22:31:14
474,1469 Plock Lane,,Galicia,388,95835,622884741180,AAAAAAEBAAAA+0T53c90H8DtmpDWGCtFQA==,2014-09-25 22:33:09
475,434 Ourense (Orense) Manor,,Hodeida,206,14122,562370137426,AAAAAAEBAAAA9W/yti16RUDfgOA7e5gtQA==,2014-09-25 22:34:10
476,270 Tambaram Parkway,,Gauteng,244,9668,248446668735,AAAAAAEBAAAAW1VA6ysLPECCQS1hyDM6wA==,2014-09-25 22:33:03
477,1786 Salinas Place,,Nam Ha,359,66546,206060652238,AAAAAAEBAAAARL2FGip+WkDC24MQkI00QA==,2014-09-25 22:34:07
478,1078 Stara Zagora Drive,,Aceh,301,69221,932992626595,AAAAAAEBAAAANAV8yKVJWEDSya2kcLgUQA==,2014-09-25 22:31:33
479,1854 Okara Boulevard,,Drenthe,158,42123,131912793873,AAAAAAEBAAAAborHRbWgG0CUe8vmu2NKQA==,2014-09-25 22:32:21
480,421 Yaoundé Street,,Sumy,385,11363,726875628268,AAAAAAEBAAAAAAAAAAAAAAAAAAAAAAAAAA==,2014-09-25 22:33:33
481,1153 Allende Way,,Québec,179,20336,856872225376,AAAAAAEBAAAAAAAAAAAAAAAAAAAAAAAAAA==,2014-09-25 22:30:26
482,808 Naçala-Porto Parkway,,England,500,41060,553452430707,AAAAAAEBAAAADmA2psxCAcC515MKdLRKQA==,2014-09-25 22:33:41
483,632 Usolje-Sibirskoje Parkway,,Ha Darom,36,73085,667648979883,AAAAAAEBAAAAAAAAAAAAAAAAAAAAAAAAAA==,2014-09-25 22:31:41
484,98 Pyongyang Boulevard,,Ohio,11,88749,191958435142,AAAAAAEBAAAAirGneDdhVMCZBSSrbIpEQA==,2014-09-25 22:33:42
485,984 Novotšerkassk Loop,,Gaziantep,180,28165,435118527255,AAAAAAEBAAAAyq96G/awQkCqiIm8m4dCQA==,2014-09-25 22:33:25
486,64 Korla Street,,Mwanza,347,25145,510383179153,AAAAAAEBAAAAKij7ndx7QEAuu3GcJSIEwA==,2014-09-25 22:33:17
487,1785 São Bernardo do Campo Street,,Veracruz,125,71182,684529463244,AAAAAAEBAAAAoVUcvVCcV8AUH0TXKiIyQA==,2014-09-25 22:32:04
488,698 Jelets Boulevard,,Denizli,142,2596,975185523021,AAAAAAEBAAAA7s1vmGgWPUCyJrs+GONCQA==,2014-09-25 22:33:24
489,1297 Alvorada Parkway,,Ningxia,587,11839,508348602835,AAAAAAEBAAAAFYPR9nmRWkAph2Bm6TtDQA==,2014-09-25 22:30:49
490,1909 Dayton Avenue,,Guangdong,469,88513,702955450528,AAAAAAEBAAAAe+C+aVVlXEBUV5mEZuQ4QA==,2014-09-25 22:30:42
491,1789 Saint-Denis Parkway,,Coahuila de Zaragoza,4,8268,936806643983,AAAAAAEBAAAAAAAAAAAAAAAAAAAAAAAAAA==,2014-09-25 22:32:01
492,185 Mannheim Lane,,Stavropol,408,23661,589377568313,AAAAAAEBAAAAMz6C0ZuHRUAkWSzqOAZGQA==,2014-09-25 22:32:56
493,184 Mandaluyong Street,,Baja California Sur,288,94239,488425406814,AAAAAAEBAAAAFzsrs9KTW8B49vDAWyM4QA==,2014-09-25 22:32:09
494,591 Sungai Petani Drive,,Okayama,376,46400,37247325001,AAAAAAEBAAAAGWayyeu9YEBMwFTYsVRBQA==,2014-09-25 22:31:51
495,656 Matamoros Drive,,Boyac,487,19489,17305839123,AAAAAAEBAAAAAAAAAAAAAAAAAAAAAAAAAA==,2014-09-25 22:30:53
496,775 Šostka Drive,,al-Daqahliya,337,22358,171973024401,AAAAAAEBAAAA/E3Nik1CP0A+32C577Y+QA==,2014-09-25 22:30:57
497,1013 Tabuk Boulevard,,West Bengali,261,96203,158399646978,AAAAAAEBAAAAXRuFf2wbVkB5O8JpwfU2QA==,2014-09-25 22:31:19
498,319 Plock Parkway,,Istanbul,504,26101,854259976812,AAAAAAEBAAAAtu/2xUpFPUAnfjEA+XpEQA==,2014-09-25 22:33:28
499,1954 Kowloon and New Kowloon Way,,Chimborazo,434,63667,898559280434,AAAAAAEBAAAAAAAAAAAAAAAAAAAAAAAAAA==,2014-09-25 22:30:56
500,362 Rajkot Lane,,Gansu,47,98030,962020153680,AAAAAAEBAAAAT2/rE+UKWkAocz0bA0ZCQA==,2014-09-25 22:30:31
501,1060 Tandil Lane,,Shandong,432,72349,211256301880,AAAAAAEBAAAAyrYdZCPdXUCt8eN5urZBQA==,2014-09-25 22:30:41
502,1515 Korla Way,,England,589,57197,959467760895,AAAAAAEBAAAATELY38hS8b+6gm3Ek/pKQA==,2014-09-25 22:33:42
503,1416 San Juan Bautista Tuxtepec Avenue,,Zufar,444,50592,144206758053,AAAAAAEBAAAApmhAGNMLS0AHhmLh2gMxQA==,2014-09-25 22:32:29
504,1 Valle de Santiago Avenue,,Apulia,93,86208,465897838272,AAAAAAEBAAAAyv7U06LvMUBYTXxa6lBEQA==,2014-09-25 22:31:43
505,519 Brescia Parkway,,East Java,318,69504,793996678771,AAAAAAEBAAAAo8eUtIfhW0AKIwc2+IQewA==,2014-09-25 22:31:33
506,414 Mandaluyong Street,,Lubelskie,314,16370,52709222667,AAAAAAEBAAAAD+bAvBGRNkAg8MAAwqBJQA==,2014-09-25 22:32:43
507,1197 Sokoto Boulevard,,West Bengali,478,87687,868602816371,AAAAAAEBAAAAEJVGzGwbVkCPD8TDxbU6QA==,2014-09-25 22:31:27
508,496 Celaya Drive,,Nagano,552,90797,759586584889,AAAAAAEBAAAAJU44BQNJYUAkhtM4ijNCQA==,2014-09-25 22:31:54
509,786 Matsue Way,,Illinois,245,37469,111177206479,AAAAAAEBAAAADzuddVcFVsD6kcd4OcNEQA==,2014-09-25 22:33:54
510,48 Maracaíbo Place,,Central Luzon,519,1570,82671830126,AAAAAAEBAAAAIjmZuNU6XkCNh62PPS0vQA==,2014-09-25 22:32:39
511,1152 al-Qatif Lane,,Kalimantan Barat,412,44816,131370665218,AAAAAAEBAAAAEH+oj5tUW0AhA3l2+dafvw==,2014-09-25 22:31:34
512,1269 Ipoh Avenue,,Eskisehir,163,54674,402630109080,AAAAAAEBAAAA6dMq+kOFPkB2fTA6auNDQA==,2014-09-25 22:33:24
513,758 Korolev Parkway,,Andhra Pradesh,568,75474,441628280920,AAAAAAEBAAAAMdqZ+FkoVECvUovS74QwQA==,2014-09-25 22:31:29
514,1747 Rustenburg Place,,Bihar,110,51369,442673923363,AAAAAAEBAAAAC/1d6cYuVUBBxLx9DMg5QA==,2014-09-25 22:31:14
515,886 Tonghae Place,,Volgograd,259,19450,711928348157,AAAAAAEBAAAAAAAAAAAAAAAAAAAAAAAAAA==,2014-09-25 22:32:50
516,1574 Goiânia Boulevard,,Heilongjiang,502,39529,59634255214,AAAAAAEBAAAAFxKLc6+/X0DF7MCU3FFHQA==,2014-09-25 22:30:43
517,548 Uruapan Street,,Ontario,312,35653,879347453467,AAAAAAEBAAAAAAAAAAAAAAAAAAAAAAAAAA==,2014-09-25 22:33:38
519,962 Tama Loop,,,583,65952,282667506728,AAAAAAEBAAAA+lRfpyLdZECqep7ksyHhvw==,2014-09-25 22:32:19
520,1778 Gijón Manor,,Hubei,594,35156,288910576761,AAAAAAEBAAAA41hycEQwXEClij0PSRBAQA==,2014-09-25 22:30:50
521,568 Dhule (Dhulia) Loop,,Coquimbo,127,92568,602101369463,AAAAAAEBAAAAAACASilvxcHdqF8zCsE+wA==,2014-09-25 22:30:30
522,1768 Udine Loop,,Battambang,60,32347,448876499197,AAAAAAEBAAAAcIgCx6/MWUAqvBXTljQqQA==,2014-09-25 22:30:24
523,608 Birgunj Parkway,,Taipei,116,400,627425618482,AAAAAAEBAAAAAAAAAAAAAAAAAAAAAAAAAA==,2014-09-25 22:33:14
524,680 A Coruña (La Coruña) Manor,,Sivas,482,49806,158326114853,AAAAAAEBAAAAk27wKhCCQkDy9tZ2yd9DQA==,2014-09-25 22:33:28
525,1949 Sanya Street,,Gumma,224,61244,132100972047,AAAAAAEBAAAAlD8ppAZpYUDkyo+uiChCQA==,2014-09-25 22:31:47
526,617 Klerksdorp Place,,Khanh Hoa,366,94707,574973479129,AAAAAAEBAAAAShdRyW9MW0Ay9QTTen0oQA==,2014-09-25 22:34:07
527,1993 0 Loop,,Liaoning,588,41214,25865528181,AAAAAAEBAAAAtl4dEZ2OXkAXGj7YGFVEQA==,2014-09-25 22:30:49
528,1176 Southend-on-Sea Manor,,Southern Tagalog,458,81651,236679267178,AAAAAAEBAAAAAAAAAAAAAAAAAAAAAAAAAA==,2014-09-25 22:32:39
529,600 Purnea (Purnia) Avenue,,Nghe An,571,18043,638409958875,AAAAAAEBAAAAliNkIE9sWkB6bTZWYqwyQA==,2014-09-25 22:34:07
530,1003 Qinhuangdao Street,,West Java,419,25972,35533115997,AAAAAAEBAAAAXqUWpV/cWkCiFjn6TjoawA==,2014-09-25 22:31:35
531,1986 Sivas Place,,Friuli-Venezia Giuli,551,95775,182059202712,AAAAAAEBAAAAAAAAAAAAAAAAAAAAAAAAAA==,2014-09-25 22:31:44
532,1427 Tabuk Place,,Florida,101,31342,214756839122,AAAAAAEBAAAAPHApQsV8VMAqXVVRF5A6QA==,2014-09-25 22:33:47
533,556 Asunción Way,,Mogiljov,339,35364,338244023543,AAAAAAEBAAAAa23QTVFYPkBnNRPCWfVKQA==,2014-09-25 22:30:13
534,486 Ondo Parkway,,Benguela,67,35202,105882218332,AAAAAAEBAAAAvYPpxZrPKkC5+laQCycpwA==,2014-09-25 22:30:02
535,635 Brest Manor,,Andhra Pradesh,75,40899,80593242951,AAAAAAEBAAAAefpSiXxhVEDSya2kcIowQA==,2014-09-25 22:31:13
536,166 Jinchang Street,,Buenos Aires,165,86760,717566026669,AAAAAAEBAAAAPriWJCpDTcDgdx27VW1BwA==,2014-09-25 22:30:05
537,958 Sagamihara Lane,,Mie,287,88408,427274926505,AAAAAAEBAAAAvtKeN7oXYUCbX4N0Z4hBQA==,2014-09-25 22:31:50
538,1817 Livorno Way,,Khanh Hoa,100,79401,478380208348,AAAAAAEBAAAAlEp4Qi9KW0AjbT4Jx9cnQA==,2014-09-25 22:34:05
539,1332 Gaziantep Lane,,Shandong,80,22813,383353187467,AAAAAAEBAAAAvC8dKRGBXUB0sKMW765CQA==,2014-09-25 22:30:31
540,949 Allende Lane,,Uttar Pradesh,24,67521,122981120653,AAAAAAEBAAAAjJHb5RGeU0A5qLNJNOc8QA==,2014-09-25 22:31:11
541,195 Ilorin Street,,Chari-Baguirmi,363,49250,8912935608,AAAAAAEBAAAAAAAAAAAAAAAAAAAAAAAAAA==,2014-09-25 22:30:29
542,193 Bhusawal Place,,Kang-won,539,9750,745267607502,AAAAAAEBAAAAAAAAAAAAAAAAAAAAAAAAAA==,2014-09-25 22:33:07
543,43 Vilnius Manor,,Colorado,42,79814,484500282381,AAAAAAEBAAAAk4kATD41WsDQNYJDXt1DQA==,2014-09-25 22:33:44
544,183 Haiphong Street,,Jilin,46,69953,488600270038,AAAAAAEBAAAAr6NgfIe0XkA4qFiQwc1GQA==,2014-09-25 22:30:30
545,163 Augusta-Richmond County Loop,,Carabobo,561,33030,754579047924,AAAAAAEBAAAAzAwbZX0AUcBrf2d79FIkQA==,2014-09-25 22:34:05
546,191 José Azueta Parkway,,Ruse,436,13629,932156667696,AAAAAAEBAAAAZ6mr8Yj4OUDNbKF1nu1FQA==,2014-09-25 22:30:23
547,379 Lublin Parkway,,Toscana,309,74568,921960450089,AAAAAAEBAAAAkJINWv6mJEDME76tqsVFQA==,2014-09-25 22:31:44
548,1658 Cumaná Loop,,Sumatera Selatan,396,51309,784907335610,AAAAAAEBAAAAGNdTBumIWkDoIJ7bOk4BwA==,2014-09-25 22:31:34
549,454 Qinhuangdao Drive,,Tadla-Azilal,68,25866,786270036240,AAAAAAEBAAAAQZR59TtmGcBPCeMCKytAQA==,2014-09-25 22:32:16
550,1715 Okayama Street,,São Paulo,485,55676,169352919175,AAAAAAEBAAAAAAAAAAAAAAAAAAAAAAAAAA==,2014-09-25 22:30:22
551,182 Nuku´alofa Drive,,Sumy,275,15414,426346224043,AAAAAAEBAAAAefcRCfCZQEBVu8vqwp5JQA==,2014-09-25 22:33:32
552,390 Wroclaw Way,,Hainan,462,5753,357593328658,AAAAAAEBAAAA9w/Yi1dgW0A2TlSAOT4yQA==,2014-09-25 22:30:41
553,1421 Quilmes Lane,,Ishikawa,260,19151,135407755975,AAAAAAEBAAAAj58yowQUYUBTrvAuF0xCQA==,2014-09-25 22:31:49
554,947 Tórshavn Place,,Central Luzon,528,841,50898428626,AAAAAAEBAAAAxW3ZxkQmXkACtb2C2fUuQA==,2014-09-25 22:32:40
555,1764 Jalib al-Shuyukh Parkway,,Galicia,459,77642,84794532510,AAAAAAEBAAAAkP+4s2UXIcCdsj/1tHBFQA==,2014-09-25 22:33:10
556,346 Cam Ranh Avenue,,Zhejiang,599,39976,978430786151,AAAAAAEBAAAAoOY//xiNXkBW26ipwAI+QA==,2014-09-25 22:30:51
557,1407 Pachuca de Soto Place,,Rio Grande do Sul,21,26284,380077794770,AAAAAAEBAAAAo87cQ8KEScBgggmSLf09wA==,2014-09-25 22:30:14
558,904 Clarksville Drive,,Zhejiang,193,52234,955349440539,AAAAAAEBAAAA5Yhra/oqXkA44E59e3o+QA==,2014-09-25 22:30:34
559,1917 Kumbakonam Parkway,,Vojvodina,368,11892,698182547686,AAAAAAEBAAAAAAAAAAAAAAAAAAAAAAAAAA==,2014-09-25 22:34:11
560,1447 Imus Place,,Gujarat,426,12905,62127829280,AAAAAAEBAAAAZn9FI8SyUUCBnIsap0o2QA==,2014-09-25 22:31:25
561,1497 Fengshan Drive,,KwaZulu-Natal,112,63022,368738360376,AAAAAAEBAAAAk4/dBUrkPkAq+X2kLes9wA==,2014-09-25 22:33:03
562,869 Shikarpur Way,,England,496,57380,590764256785,AAAAAAEBAAAAiU/wA0YNCMCChHLs6tJKQA==,2014-09-25 22:33:40
563,1059 Yuncheng Avenue,,Vilna,570,47498,107092893983,AAAAAAEBAAAARrgkYqVHOUC6Cs6FNlhLQA==,2014-09-25 22:31:58
564,505 Madiun Boulevard,,Dolnoslaskie,577,97271,970638808606,AAAAAAEBAAAA8NRtmogIMUAjqTsFr5FJQA==,2014-09-25 22:32:44
565,1741 Hoshiarpur Boulevard,,al-Sharqiya,79,22372,855066328617,AAAAAAEBAAAAAAAAAAAAAAAAAAAAAAAAAA==,2014-09-25 22:30:56
566,1229 Varanasi (Benares) Manor,,Buenos Aires,43,40195,817740355461,AAAAAAEBAAAAFNoooaoqTcAuFWWAVVVBwA==,2014-09-25 22:30:04
567,1894 Boa Vista Way,,Texas,178,77464,239357986667,AAAAAAEBAAAAwdFEjuMoWMCtjQzN0HRAQA==,2014-09-25 22:33:51
568,1342 Sharja Way,,Sokoto & Kebbi & Zam,488,93655,946114054231,AAAAAAEBAAAAWwhyUML0FEDnEe10MR8qQA==,2014-09-25 22:32:27
569,1342 Abha Boulevard,,Bukarest,95,10714,997453607116,AAAAAAEBAAAAkk/Z+jMbOkCxy6YSVDdGQA==,2014-09-25 22:32:46
570,415 Pune Avenue,,Shandong,580,44274,203202500108,AAAAAAEBAAAAzDhX3h9wXUCPJs3VRfNBQA==,2014-09-25 22:30:47
571,1746 Faaa Way,,Huánuco,214,32515,863080561151,AAAAAAEBAAAAAAAAAAAAAAAAAAAAAAAAAA==,2014-09-25 22:32:33
572,539 Hami Way,,Tokat,538,52196,525518075499,AAAAAAEBAAAAbzAvG/hGQkCte3WfLShEQA==,2014-09-25 22:33:29
573,1407 Surakarta Manor,,Moskova,466,33224,324346485054,AAAAAAEBAAAAAAAAAAAAAAAAAAAAAAAAAA==,2014-09-25 22:32:56
574,502 Mandi Bahauddin Parkway,,Anzotegui,55,15992,618156722572,AAAAAAEBAAAAAAAAAAAAAAAAAAAAAAAAAA==,2014-09-25 22:34:03
575,1052 Pathankot Avenue,,Sichuan,299,77397,128499386727,AAAAAAEBAAAAqgVAJuPwWUDMwSJ18Y89QA==,2014-09-25 22:30:39
576,1351 Sousse Lane,,Coahuila de Zaragoza,341,37815,203804046132,AAAAAAEBAAAAarhthOpaWcAnqhLAKOg6QA==,2014-09-25 22:32:10
577,1501 Pangkal Pinang Avenue,,Mazowieckie,409,943,770864062795,AAAAAAEBAAAAFkbE3tW0M0AwitRq/kVKQA==,2014-09-25 22:32:43
578,1405 Hagonoy Avenue,,Slaskie,133,86587,867287719310,AAAAAAEBAAAAJDH3f8QfM0D1sGGX8mVJQA==,2014-09-25 22:32:42
579,521 San Juan Bautista Tuxtepec Place,,Qaraghandy,598,95093,844018348565,AAAAAAEBAAAAaEjLNxHxUEDjKmBMRORHQA==,2014-09-25 22:31:56
580,923 Tangail Boulevard,,Tokyo-to,10,33384,315528269898,AAAAAAEBAAAAeOXEaKdrYUDDon0HmtpBQA==,2014-09-25 22:31:45
581,186 Skikda Lane,,Morelos,131,89422,14465669789,AAAAAAEBAAAASMK+ncTOWMDaPdQRG+0yQA==,2014-09-25 22:32:05
582,1568 Celaya Parkway,,Kaohsiung,168,34750,278669994384,AAAAAAEBAAAAAAAAAAAAAAAAAAAAAAAAAA==,2014-09-25 22:33:15
583,1489 Kakamigahara Lane,,Taipei,526,98883,29341849811,AAAAAAEBAAAAAAAAAAAAAAAAAAAAAAAAAA==,2014-09-25 22:33:16
584,1819 Alessandria Loop,,Campeche,103,53829,377633994405,AAAAAAEBAAAAhjalYR31VsA3TxoPW6UyQA==,2014-09-25 22:32:02
585,1208 Tama Loop,,Ninawa,344,73605,954786054144,AAAAAAEBAAAAMU+d/TePRUCWHvI78ipCQA==,2014-09-25 22:31:40
586,951 Springs Lane,,Central Mindanao,219,96115,165164761435,AAAAAAEBAAAAAAAAAAAAAAAAAAAAAAAAAA==,2014-09-25 22:32:37
587,760 Miyakonojo Drive,,Guerrero,246,64682,294449058179,AAAAAAEBAAAAAAAAAAAAAAAAAAAAAAAAAA==,2014-09-25 22:32:08
588,966 Asunción Way,,Hidalgo,212,62703,995527378381,AAAAAAEBAAAA671CMNiaWMDjBjLx/SM1QA==,2014-09-25 22:32:07
589,1584 Ljubertsy Lane,,England,494,22954,285710089439,AAAAAAEBAAAANThbivV39r+MdWDvtHNJQA==,2014-09-25 22:33:38
590,247 Jining Parkway,,Banjul,54,53446,170115379190,AAAAAAEBAAAAG+TkNPqTMMCKj0/IzucqQA==,2014-09-25 22:31:04
591,773 Dallas Manor,,Buenos Aires,424,12664,914466027044,AAAAAAEBAAAACcOAJVcgTcC3XKIfslxBwA==,2014-09-25 22:30:06
592,1923 Stara Zagora Lane,,Nantou,546,95179,182178609211,AAAAAAEBAAAAAAAAAAAAAAAAAAAAAAAAAA==,2014-09-25 22:33:17
593,1402 Zanzibar Boulevard,,Guanajuato,106,71102,387448063440,AAAAAAEBAAAA/LfcqjU0WcBcqKGyBoY0QA==,2014-09-25 22:32:03
594,1464 Kursk Parkway,,Shandong,574,17381,338758048786,AAAAAAEBAAAAjKIHPobGXUAFVmnmJFtCQA==,2014-09-25 22:30:44
595,1074 Sanaa Parkway,,Loja,311,22474,154124128457,AAAAAAEBAAAAktvlERLNU8AO+WcG8fEPwA==,2014-09-25 22:30:55
596,1759 Niznekamsk Avenue,,al-Manama,14,39414,864392582257,AAAAAAEBAAAABE2VOadKSUASJABJIjc6QA==,2014-09-25 22:30:11
597,32 Liaocheng Way,,Minas Gerais,248,1944,410877354933,AAAAAAEBAAAAwnV7/9WsRcBCTxQyocM1wA==,2014-09-25 22:30:19
598,42 Fontana Avenue,,Fejr,512,14684,437829801725,AAAAAAEBAAAAAAAAAAAAAAAAAAAAAAAAAA==,2014-09-25 22:31:09
599,1895 Zhezqazghan Drive,,California,177,36693,137809746111,AAAAAAEBAAAAPsfs0UB8XcBX+hqTD+NAQA==,2014-09-25 22:33:51
600,1837 Kaduna Parkway,,Inner Mongolia,241,82580,640843562301,AAAAAAEBAAAA1hpK7cVGXEAOZOL7h4NEQA==,2014-09-25 22:30:37
601,844 Bucuresti Place,,Liaoning,242,36603,935952366111,AAAAAAEBAAAAuICG7d1tXkB87ZklAY1DQA==,2014-09-25 22:30:37
602,1101 Bucuresti Boulevard,,West Greece,401,97661,199514580428,AAAAAAEBAAAAqsHqfgS8NUDmXyblSR9DQA==,2014-09-25 22:31:07
603,1103 Quilmes Boulevard,,Piura,503,52137,644021380889,AAAAAAEBAAAArZaFwNsrVMCbAS7Ilp0TwA==,2014-09-25 22:32:34
604,1331 Usak Boulevard,,Vaud,296,61960,145308717464,AAAAAAEBAAAAzic8sgOIGkAgVzTnKkJHQA==,2014-09-25 22:33:14
605,1325 Fukuyama Street,,Heilongjiang,537,27107,288241215394,AAAAAAEBAAAAF1QKcHABYEAeHEcHf31HQA==,2014-09-25 22:30:44
